dataset_file_name,dataset_google_id,start_year,end_year,n_years_observed,study_duration,organism_count_type,variability_type,standardization_method,metric,metric_value
L3-mcr-fish-castorani.csv,1uhRqlcSGzmi3OngrpErqUpkK8FtMlh7s,2006,2021,16,15,mean.biomass.per.250_m2,divpart_time_series,q_order_0,alpha_div_mean,139.28125
L3-mcr-fish-castorani.csv,1uhRqlcSGzmi3OngrpErqUpkK8FtMlh7s,2006,2021,16,15,mean.biomass.per.250_m2,divpart_time_series,q_order_0,alpha_div_cv,0.041181145028713756
L3-mcr-fish-castorani.csv,1uhRqlcSGzmi3OngrpErqUpkK8FtMlh7s,2006,2021,16,15,mean.biomass.per.250_m2,divpart_time_series,q_order_0,beta_div_mean,1.566675489745264
L3-mcr-fish-castorani.csv,1uhRqlcSGzmi3OngrpErqUpkK8FtMlh7s,2006,2021,16,15,mean.biomass.per.250_m2,divpart_time_series,q_order_0,beta_div_cv,0.028860986991825772
L3-mcr-fish-castorani.csv,1uhRqlcSGzmi3OngrpErqUpkK8FtMlh7s,2006,2021,16,15,mean.biomass.per.250_m2,divpart_time_series,q_order_0,gamma_div_mean,218.0625
L3-mcr-fish-castorani.csv,1uhRqlcSGzmi3OngrpErqUpkK8FtMlh7s,2006,2021,16,15,mean.biomass.per.250_m2,divpart_time_series,q_order_0,gamma_div_cv,0.033173471585161936
L3-mcr-fish-castorani.csv,1uhRqlcSGzmi3OngrpErqUpkK8FtMlh7s,2006,2021,16,15,mean.biomass.per.250_m2,agg,NA,gamma_var,0.07331726468051815
L3-mcr-fish-castorani.csv,1uhRqlcSGzmi3OngrpErqUpkK8FtMlh7s,2006,2021,16,15,mean.biomass.per.250_m2,agg,NA,alpha_var,0.18951682549517254
L3-mcr-fish-castorani.csv,1uhRqlcSGzmi3OngrpErqUpkK8FtMlh7s,2006,2021,16,15,mean.biomass.per.250_m2,agg,NA,phi_var,0.386864145117214
L3-mcr-fish-castorani.csv,1uhRqlcSGzmi3OngrpErqUpkK8FtMlh7s,2006,2021,16,15,mean.biomass.per.250_m2,agg,NA,gamma_var_rate,0.004887817645367876
L3-mcr-fish-castorani.csv,1uhRqlcSGzmi3OngrpErqUpkK8FtMlh7s,2006,2021,16,15,mean.biomass.per.250_m2,agg,NA,alpha_var_rate,0.012634455033011503
L3-mcr-fish-castorani.csv,1uhRqlcSGzmi3OngrpErqUpkK8FtMlh7s,2006,2021,16,15,mean.biomass.per.250_m2,com,h,gamma_var,0.19615596467654395
L3-mcr-fish-castorani.csv,1uhRqlcSGzmi3OngrpErqUpkK8FtMlh7s,2006,2021,16,15,mean.biomass.per.250_m2,com,h,alpha_var,0.36874395312360764
L3-mcr-fish-castorani.csv,1uhRqlcSGzmi3OngrpErqUpkK8FtMlh7s,2006,2021,16,15,mean.biomass.per.250_m2,com,h,phi_var,0.5319571019807069
L3-mcr-fish-castorani.csv,1uhRqlcSGzmi3OngrpErqUpkK8FtMlh7s,2006,2021,16,15,mean.biomass.per.250_m2,com,h,gamma_var_rate,0.013077064311769597
L3-mcr-fish-castorani.csv,1uhRqlcSGzmi3OngrpErqUpkK8FtMlh7s,2006,2021,16,15,mean.biomass.per.250_m2,com,h,alpha_var_rate,0.024582930208240508
L3-mcr-inverts-castorani.csv,1v9GnvqUU0QEhHvoBRpKap7E8rBrtooMH,2005,2021,17,16,mean.count.per.1_m2,divpart_time_series,q_order_0,alpha_div_mean,4.166666666666666
L3-mcr-inverts-castorani.csv,1v9GnvqUU0QEhHvoBRpKap7E8rBrtooMH,2005,2021,17,16,mean.count.per.1_m2,divpart_time_series,q_order_0,alpha_div_cv,0.273861278752583
L3-mcr-inverts-castorani.csv,1v9GnvqUU0QEhHvoBRpKap7E8rBrtooMH,2005,2021,17,16,mean.count.per.1_m2,divpart_time_series,q_order_0,beta_div_mean,1.6235885118530076
L3-mcr-inverts-castorani.csv,1v9GnvqUU0QEhHvoBRpKap7E8rBrtooMH,2005,2021,17,16,mean.count.per.1_m2,divpart_time_series,q_order_0,beta_div_cv,0.15777690345456669
L3-mcr-inverts-castorani.csv,1v9GnvqUU0QEhHvoBRpKap7E8rBrtooMH,2005,2021,17,16,mean.count.per.1_m2,divpart_time_series,q_order_0,gamma_div_mean,6.705882352941177
L3-mcr-inverts-castorani.csv,1v9GnvqUU0QEhHvoBRpKap7E8rBrtooMH,2005,2021,17,16,mean.count.per.1_m2,divpart_time_series,q_order_0,gamma_div_cv,0.27780855477391436
L3-mcr-inverts-castorani.csv,1v9GnvqUU0QEhHvoBRpKap7E8rBrtooMH,2005,2021,17,16,mean.count.per.1_m2,agg,NA,gamma_var,0.3155985372603714
L3-mcr-inverts-castorani.csv,1v9GnvqUU0QEhHvoBRpKap7E8rBrtooMH,2005,2021,17,16,mean.count.per.1_m2,agg,NA,alpha_var,0.5556137272034136
L3-mcr-inverts-castorani.csv,1v9GnvqUU0QEhHvoBRpKap7E8rBrtooMH,2005,2021,17,16,mean.count.per.1_m2,agg,NA,phi_var,0.5680178905026024
L3-mcr-inverts-castorani.csv,1v9GnvqUU0QEhHvoBRpKap7E8rBrtooMH,2005,2021,17,16,mean.count.per.1_m2,agg,NA,gamma_var_rate,0.019724908578773213
L3-mcr-inverts-castorani.csv,1v9GnvqUU0QEhHvoBRpKap7E8rBrtooMH,2005,2021,17,16,mean.count.per.1_m2,agg,NA,alpha_var_rate,0.03472585795021335
L3-mcr-inverts-castorani.csv,1v9GnvqUU0QEhHvoBRpKap7E8rBrtooMH,2005,2021,17,16,mean.count.per.1_m2,com,h,gamma_var,0.06249928577535409
L3-mcr-inverts-castorani.csv,1v9GnvqUU0QEhHvoBRpKap7E8rBrtooMH,2005,2021,17,16,mean.count.per.1_m2,com,h,alpha_var,0.09803244854034981
L3-mcr-inverts-castorani.csv,1v9GnvqUU0QEhHvoBRpKap7E8rBrtooMH,2005,2021,17,16,mean.count.per.1_m2,com,h,phi_var,0.6375367208096369
L3-mcr-inverts-castorani.csv,1v9GnvqUU0QEhHvoBRpKap7E8rBrtooMH,2005,2021,17,16,mean.count.per.1_m2,com,h,gamma_var_rate,0.0039062053609596305
L3-mcr-inverts-castorani.csv,1v9GnvqUU0QEhHvoBRpKap7E8rBrtooMH,2005,2021,17,16,mean.count.per.1_m2,com,h,alpha_var_rate,0.006127028033771863
L3-sev-arthropods-compagnoni.csv,1G73KUpOEGh9wCxlUdbqR4FgVuielrC4v,1992,2004,13,12,Average_count,divpart_time_series,q_order_0,alpha_div_mean,28.176923076923078
L3-sev-arthropods-compagnoni.csv,1G73KUpOEGh9wCxlUdbqR4FgVuielrC4v,1992,2004,13,12,Average_count,divpart_time_series,q_order_0,alpha_div_cv,0.18451493151906667
L3-sev-arthropods-compagnoni.csv,1G73KUpOEGh9wCxlUdbqR4FgVuielrC4v,1992,2004,13,12,Average_count,divpart_time_series,q_order_0,beta_div_mean,2.651272996455165
L3-sev-arthropods-compagnoni.csv,1G73KUpOEGh9wCxlUdbqR4FgVuielrC4v,1992,2004,13,12,Average_count,divpart_time_series,q_order_0,beta_div_cv,0.30307244694060254
L3-sev-arthropods-compagnoni.csv,1G73KUpOEGh9wCxlUdbqR4FgVuielrC4v,1992,2004,13,12,Average_count,divpart_time_series,q_order_0,gamma_div_mean,74.76923076923077
L3-sev-arthropods-compagnoni.csv,1G73KUpOEGh9wCxlUdbqR4FgVuielrC4v,1992,2004,13,12,Average_count,divpart_time_series,q_order_0,gamma_div_cv,0.3475717135601056
L3-sev-arthropods-compagnoni.csv,1G73KUpOEGh9wCxlUdbqR4FgVuielrC4v,1992,2004,13,12,Average_count,agg,NA,gamma_var,0.07085155662536785
L3-sev-arthropods-compagnoni.csv,1G73KUpOEGh9wCxlUdbqR4FgVuielrC4v,1992,2004,13,12,Average_count,agg,NA,alpha_var,0.11414314283029874
L3-sev-arthropods-compagnoni.csv,1G73KUpOEGh9wCxlUdbqR4FgVuielrC4v,1992,2004,13,12,Average_count,agg,NA,phi_var,0.6207254756486401
L3-sev-arthropods-compagnoni.csv,1G73KUpOEGh9wCxlUdbqR4FgVuielrC4v,1992,2004,13,12,Average_count,agg,NA,gamma_var_rate,0.005904296385447321
L3-sev-arthropods-compagnoni.csv,1G73KUpOEGh9wCxlUdbqR4FgVuielrC4v,1992,2004,13,12,Average_count,agg,NA,alpha_var_rate,0.009511928569191561
L3-sev-arthropods-compagnoni.csv,1G73KUpOEGh9wCxlUdbqR4FgVuielrC4v,1992,2004,13,12,Average_count,com,h,gamma_var,0.6008298798415447
L3-sev-arthropods-compagnoni.csv,1G73KUpOEGh9wCxlUdbqR4FgVuielrC4v,1992,2004,13,12,Average_count,com,h,alpha_var,0.7129551062569343
L3-sev-arthropods-compagnoni.csv,1G73KUpOEGh9wCxlUdbqR4FgVuielrC4v,1992,2004,13,12,Average_count,com,h,phi_var,0.8427317155998011
L3-sev-arthropods-compagnoni.csv,1G73KUpOEGh9wCxlUdbqR4FgVuielrC4v,1992,2004,13,12,Average_count,com,h,gamma_var_rate,0.05006915665346206
L3-sev-arthropods-compagnoni.csv,1G73KUpOEGh9wCxlUdbqR4FgVuielrC4v,1992,2004,13,12,Average_count,com,h,alpha_var_rate,0.05941292552141119
L3-luq-snails-compagnoni.csv,1pjBpIgD8U9IzJHqDdn6TaG0HF2Hb-2bL,1991,2017,27,26,COUNT (yearly mean),divpart_time_series,q_order_0,alpha_div_mean,5.209615384615384
L3-luq-snails-compagnoni.csv,1pjBpIgD8U9IzJHqDdn6TaG0HF2Hb-2bL,1991,2017,27,26,COUNT (yearly mean),divpart_time_series,q_order_0,alpha_div_cv,0.1518859229040953
L3-luq-snails-compagnoni.csv,1pjBpIgD8U9IzJHqDdn6TaG0HF2Hb-2bL,1991,2017,27,26,COUNT (yearly mean),divpart_time_series,q_order_0,beta_div_mean,3.0881697241053896
L3-luq-snails-compagnoni.csv,1pjBpIgD8U9IzJHqDdn6TaG0HF2Hb-2bL,1991,2017,27,26,COUNT (yearly mean),divpart_time_series,q_order_0,beta_div_cv,0.10983383178373733
L3-luq-snails-compagnoni.csv,1pjBpIgD8U9IzJHqDdn6TaG0HF2Hb-2bL,1991,2017,27,26,COUNT (yearly mean),divpart_time_series,q_order_0,gamma_div_mean,15.925925925925926
L3-luq-snails-compagnoni.csv,1pjBpIgD8U9IzJHqDdn6TaG0HF2Hb-2bL,1991,2017,27,26,COUNT (yearly mean),divpart_time_series,q_order_0,gamma_div_cv,0.09202957645306688
L3-luq-snails-compagnoni.csv,1pjBpIgD8U9IzJHqDdn6TaG0HF2Hb-2bL,1991,2017,27,26,COUNT (yearly mean),agg,NA,gamma_var,0.1335876403110757
L3-luq-snails-compagnoni.csv,1pjBpIgD8U9IzJHqDdn6TaG0HF2Hb-2bL,1991,2017,27,26,COUNT (yearly mean),agg,NA,alpha_var,0.3239187999957678
L3-luq-snails-compagnoni.csv,1pjBpIgD8U9IzJHqDdn6TaG0HF2Hb-2bL,1991,2017,27,26,COUNT (yearly mean),agg,NA,phi_var,0.41241088912659934
L3-luq-snails-compagnoni.csv,1pjBpIgD8U9IzJHqDdn6TaG0HF2Hb-2bL,1991,2017,27,26,COUNT (yearly mean),agg,NA,gamma_var_rate,0.005137986165810604
L3-luq-snails-compagnoni.csv,1pjBpIgD8U9IzJHqDdn6TaG0HF2Hb-2bL,1991,2017,27,26,COUNT (yearly mean),agg,NA,alpha_var_rate,0.012458415384452607
L3-luq-snails-compagnoni.csv,1pjBpIgD8U9IzJHqDdn6TaG0HF2Hb-2bL,1991,2017,27,26,COUNT (yearly mean),com,h,gamma_var,0.062266279199164755
L3-luq-snails-compagnoni.csv,1pjBpIgD8U9IzJHqDdn6TaG0HF2Hb-2bL,1991,2017,27,26,COUNT (yearly mean),com,h,alpha_var,0.18734295909975454
L3-luq-snails-compagnoni.csv,1pjBpIgD8U9IzJHqDdn6TaG0HF2Hb-2bL,1991,2017,27,26,COUNT (yearly mean),com,h,phi_var,0.33236519535281717
L3-luq-snails-compagnoni.csv,1pjBpIgD8U9IzJHqDdn6TaG0HF2Hb-2bL,1991,2017,27,26,COUNT (yearly mean),com,h,gamma_var_rate,0.0023948568922755676
L3-luq-snails-compagnoni.csv,1pjBpIgD8U9IzJHqDdn6TaG0HF2Hb-2bL,1991,2017,27,26,COUNT (yearly mean),com,h,alpha_var_rate,0.007205498426913636
L3-jrn-plants-compagnoni.csv,1CAnMv9JqDoXPNjHVYPN4Fen0dyvJ-x67,1915,1938,18,23,count (average),divpart_time_series,q_order_0,alpha_div_mean,4.540123456790123
L3-jrn-plants-compagnoni.csv,1CAnMv9JqDoXPNjHVYPN4Fen0dyvJ-x67,1915,1938,18,23,count (average),divpart_time_series,q_order_0,alpha_div_cv,0.39300834154382963
L3-jrn-plants-compagnoni.csv,1CAnMv9JqDoXPNjHVYPN4Fen0dyvJ-x67,1915,1938,18,23,count (average),divpart_time_series,q_order_0,beta_div_mean,4.666462809276076
L3-jrn-plants-compagnoni.csv,1CAnMv9JqDoXPNjHVYPN4Fen0dyvJ-x67,1915,1938,18,23,count (average),divpart_time_series,q_order_0,beta_div_cv,0.15096012601063002
L3-jrn-plants-compagnoni.csv,1CAnMv9JqDoXPNjHVYPN4Fen0dyvJ-x67,1915,1938,18,23,count (average),divpart_time_series,q_order_0,gamma_div_mean,20.22222222222222
L3-jrn-plants-compagnoni.csv,1CAnMv9JqDoXPNjHVYPN4Fen0dyvJ-x67,1915,1938,18,23,count (average),divpart_time_series,q_order_0,gamma_div_cv,0.282067371944575
L3-jrn-plants-compagnoni.csv,1CAnMv9JqDoXPNjHVYPN4Fen0dyvJ-x67,1915,1938,18,23,count (average),agg,NA,gamma_var,0.37864432207418114
L3-jrn-plants-compagnoni.csv,1CAnMv9JqDoXPNjHVYPN4Fen0dyvJ-x67,1915,1938,18,23,count (average),agg,NA,alpha_var,1.1285153235381866
L3-jrn-plants-compagnoni.csv,1CAnMv9JqDoXPNjHVYPN4Fen0dyvJ-x67,1915,1938,18,23,count (average),agg,NA,phi_var,0.3355243071817878
L3-jrn-plants-compagnoni.csv,1CAnMv9JqDoXPNjHVYPN4Fen0dyvJ-x67,1915,1938,18,23,count (average),agg,NA,gamma_var_rate,0.01646279661192092
L3-jrn-plants-compagnoni.csv,1CAnMv9JqDoXPNjHVYPN4Fen0dyvJ-x67,1915,1938,18,23,count (average),agg,NA,alpha_var_rate,0.04906588363209507
L3-jrn-plants-compagnoni.csv,1CAnMv9JqDoXPNjHVYPN4Fen0dyvJ-x67,1915,1938,18,23,count (average),com,h,gamma_var,0.4490220665029448
L3-jrn-plants-compagnoni.csv,1CAnMv9JqDoXPNjHVYPN4Fen0dyvJ-x67,1915,1938,18,23,count (average),com,h,alpha_var,0.6391680158338138
L3-jrn-plants-compagnoni.csv,1CAnMv9JqDoXPNjHVYPN4Fen0dyvJ-x67,1915,1938,18,23,count (average),com,h,phi_var,0.7025102248227832
L3-jrn-plants-compagnoni.csv,1CAnMv9JqDoXPNjHVYPN4Fen0dyvJ-x67,1915,1938,18,23,count (average),com,h,gamma_var_rate,0.019522698543606297
L3-jrn-plants-compagnoni.csv,1CAnMv9JqDoXPNjHVYPN4Fen0dyvJ-x67,1915,1938,18,23,count (average),com,h,alpha_var_rate,0.027789913731904946
L3-hays-plants-compagnoni.csv,12SExhUhq1gnh8mGvp2AQMnqeenKco7Sg,38,72,35,34,COUNT,divpart_time_series,q_order_0,alpha_div_mean,5.987755102040816
L3-hays-plants-compagnoni.csv,12SExhUhq1gnh8mGvp2AQMnqeenKco7Sg,38,72,35,34,COUNT,divpart_time_series,q_order_0,alpha_div_cv,0.18233077439251882
L3-hays-plants-compagnoni.csv,12SExhUhq1gnh8mGvp2AQMnqeenKco7Sg,38,72,35,34,COUNT,divpart_time_series,q_order_0,beta_div_mean,4.138779052465531
L3-hays-plants-compagnoni.csv,12SExhUhq1gnh8mGvp2AQMnqeenKco7Sg,38,72,35,34,COUNT,divpart_time_series,q_order_0,beta_div_cv,0.0919339786735505
L3-hays-plants-compagnoni.csv,12SExhUhq1gnh8mGvp2AQMnqeenKco7Sg,38,72,35,34,COUNT,divpart_time_series,q_order_0,gamma_div_mean,24.742857142857144
L3-hays-plants-compagnoni.csv,12SExhUhq1gnh8mGvp2AQMnqeenKco7Sg,38,72,35,34,COUNT,divpart_time_series,q_order_0,gamma_div_cv,0.19291831831890993
L3-hays-plants-compagnoni.csv,12SExhUhq1gnh8mGvp2AQMnqeenKco7Sg,38,72,35,34,COUNT,agg,NA,gamma_var,0.20914972978606303
L3-hays-plants-compagnoni.csv,12SExhUhq1gnh8mGvp2AQMnqeenKco7Sg,38,72,35,34,COUNT,agg,NA,alpha_var,0.39002038086961366
L3-hays-plants-compagnoni.csv,12SExhUhq1gnh8mGvp2AQMnqeenKco7Sg,38,72,35,34,COUNT,agg,NA,phi_var,0.5362533345558245
L3-hays-plants-compagnoni.csv,12SExhUhq1gnh8mGvp2AQMnqeenKco7Sg,38,72,35,34,COUNT,agg,NA,gamma_var_rate,0.0061514626407665595
L3-hays-plants-compagnoni.csv,12SExhUhq1gnh8mGvp2AQMnqeenKco7Sg,38,72,35,34,COUNT,agg,NA,alpha_var_rate,0.011471187672635696
L3-hays-plants-compagnoni.csv,12SExhUhq1gnh8mGvp2AQMnqeenKco7Sg,38,72,35,34,COUNT,com,h,gamma_var,0.1740553967739256
L3-hays-plants-compagnoni.csv,12SExhUhq1gnh8mGvp2AQMnqeenKco7Sg,38,72,35,34,COUNT,com,h,alpha_var,0.30988182963536154
L3-hays-plants-compagnoni.csv,12SExhUhq1gnh8mGvp2AQMnqeenKco7Sg,38,72,35,34,COUNT,com,h,phi_var,0.5616831324984006
L3-hays-plants-compagnoni.csv,12SExhUhq1gnh8mGvp2AQMnqeenKco7Sg,38,72,35,34,COUNT,com,h,gamma_var_rate,0.005119276375703694
L3-hays-plants-compagnoni.csv,12SExhUhq1gnh8mGvp2AQMnqeenKco7Sg,38,72,35,34,COUNT,com,h,alpha_var_rate,0.009114171459863575
L3-cdr-plantsABC-compagnoni.csv,1x_susu7wi8ig3aPlM3phpBMrSCQehrJL,1982,2004,23,22,BIOMASS,divpart_time_series,q_order_0,alpha_div_mean,9.033816425120772
L3-cdr-plantsABC-compagnoni.csv,1x_susu7wi8ig3aPlM3phpBMrSCQehrJL,1982,2004,23,22,BIOMASS,divpart_time_series,q_order_0,alpha_div_cv,0.23230823840075257
L3-cdr-plantsABC-compagnoni.csv,1x_susu7wi8ig3aPlM3phpBMrSCQehrJL,1982,2004,23,22,BIOMASS,divpart_time_series,q_order_0,beta_div_mean,5.206562274123331
L3-cdr-plantsABC-compagnoni.csv,1x_susu7wi8ig3aPlM3phpBMrSCQehrJL,1982,2004,23,22,BIOMASS,divpart_time_series,q_order_0,beta_div_cv,0.11562198773766348
L3-cdr-plantsABC-compagnoni.csv,1x_susu7wi8ig3aPlM3phpBMrSCQehrJL,1982,2004,23,22,BIOMASS,divpart_time_series,q_order_0,gamma_div_mean,46
L3-cdr-plantsABC-compagnoni.csv,1x_susu7wi8ig3aPlM3phpBMrSCQehrJL,1982,2004,23,22,BIOMASS,divpart_time_series,q_order_0,gamma_div_cv,0.13416920215410028
L3-cdr-plantsABC-compagnoni.csv,1x_susu7wi8ig3aPlM3phpBMrSCQehrJL,1982,2004,23,22,BIOMASS,agg,NA,gamma_var,0.04243182326884542
L3-cdr-plantsABC-compagnoni.csv,1x_susu7wi8ig3aPlM3phpBMrSCQehrJL,1982,2004,23,22,BIOMASS,agg,NA,alpha_var,0.15028730409916263
L3-cdr-plantsABC-compagnoni.csv,1x_susu7wi8ig3aPlM3phpBMrSCQehrJL,1982,2004,23,22,BIOMASS,agg,NA,phi_var,0.28233804261235557
L3-cdr-plantsABC-compagnoni.csv,1x_susu7wi8ig3aPlM3phpBMrSCQehrJL,1982,2004,23,22,BIOMASS,agg,NA,gamma_var_rate,0.0019287192394929736
L3-cdr-plantsABC-compagnoni.csv,1x_susu7wi8ig3aPlM3phpBMrSCQehrJL,1982,2004,23,22,BIOMASS,agg,NA,alpha_var_rate,0.006831241095416483
L3-cdr-plantsABC-compagnoni.csv,1x_susu7wi8ig3aPlM3phpBMrSCQehrJL,1982,2004,23,22,BIOMASS,com,h,gamma_var,0.1313412663921345
L3-cdr-plantsABC-compagnoni.csv,1x_susu7wi8ig3aPlM3phpBMrSCQehrJL,1982,2004,23,22,BIOMASS,com,h,alpha_var,0.2581773191203632
L3-cdr-plantsABC-compagnoni.csv,1x_susu7wi8ig3aPlM3phpBMrSCQehrJL,1982,2004,23,22,BIOMASS,com,h,phi_var,0.5087250376587215
L3-cdr-plantsABC-compagnoni.csv,1x_susu7wi8ig3aPlM3phpBMrSCQehrJL,1982,2004,23,22,BIOMASS,com,h,gamma_var_rate,0.005970057563278841
L3-cdr-plantsABC-compagnoni.csv,1x_susu7wi8ig3aPlM3phpBMrSCQehrJL,1982,2004,23,22,BIOMASS,com,h,alpha_var_rate,0.011735332687289235
L3-sev-grasshopper-compagnoni.csv,1K4np9xUYM4nfOQXweG6DciN25nWtJIYH,1992,2013,22,21,Count (two censuses a year),divpart_time_series,q_order_0,alpha_div_mean,10.14090909090909
L3-sev-grasshopper-compagnoni.csv,1K4np9xUYM4nfOQXweG6DciN25nWtJIYH,1992,2013,22,21,Count (two censuses a year),divpart_time_series,q_order_0,alpha_div_cv,0.20485995670233612
L3-sev-grasshopper-compagnoni.csv,1K4np9xUYM4nfOQXweG6DciN25nWtJIYH,1992,2013,22,21,Count (two censuses a year),divpart_time_series,q_order_0,beta_div_mean,2.3313544706161813
L3-sev-grasshopper-compagnoni.csv,1K4np9xUYM4nfOQXweG6DciN25nWtJIYH,1992,2013,22,21,Count (two censuses a year),divpart_time_series,q_order_0,beta_div_cv,0.13564050152785515
L3-sev-grasshopper-compagnoni.csv,1K4np9xUYM4nfOQXweG6DciN25nWtJIYH,1992,2013,22,21,Count (two censuses a year),divpart_time_series,q_order_0,gamma_div_mean,23.18181818181818
L3-sev-grasshopper-compagnoni.csv,1K4np9xUYM4nfOQXweG6DciN25nWtJIYH,1992,2013,22,21,Count (two censuses a year),divpart_time_series,q_order_0,gamma_div_cv,0.14191114989328357
L3-sev-grasshopper-compagnoni.csv,1K4np9xUYM4nfOQXweG6DciN25nWtJIYH,1992,2013,22,21,Count (two censuses a year),agg,NA,gamma_var,0.2470879332850922
L3-sev-grasshopper-compagnoni.csv,1K4np9xUYM4nfOQXweG6DciN25nWtJIYH,1992,2013,22,21,Count (two censuses a year),agg,NA,alpha_var,0.30138489066086904
L3-sev-grasshopper-compagnoni.csv,1K4np9xUYM4nfOQXweG6DciN25nWtJIYH,1992,2013,22,21,Count (two censuses a year),agg,NA,phi_var,0.8198418067451362
L3-sev-grasshopper-compagnoni.csv,1K4np9xUYM4nfOQXweG6DciN25nWtJIYH,1992,2013,22,21,Count (two censuses a year),agg,NA,gamma_var_rate,0.011766092061194867
L3-sev-grasshopper-compagnoni.csv,1K4np9xUYM4nfOQXweG6DciN25nWtJIYH,1992,2013,22,21,Count (two censuses a year),agg,NA,alpha_var_rate,0.014351661460041383
L3-sev-grasshopper-compagnoni.csv,1K4np9xUYM4nfOQXweG6DciN25nWtJIYH,1992,2013,22,21,Count (two censuses a year),com,h,gamma_var,0.19234619527079877
L3-sev-grasshopper-compagnoni.csv,1K4np9xUYM4nfOQXweG6DciN25nWtJIYH,1992,2013,22,21,Count (two censuses a year),com,h,alpha_var,0.29589822542905697
L3-sev-grasshopper-compagnoni.csv,1K4np9xUYM4nfOQXweG6DciN25nWtJIYH,1992,2013,22,21,Count (two censuses a year),com,h,phi_var,0.6500417330718825
L3-sev-grasshopper-compagnoni.csv,1K4np9xUYM4nfOQXweG6DciN25nWtJIYH,1992,2013,22,21,Count (two censuses a year),com,h,gamma_var_rate,0.0091593426319428
L3-sev-grasshopper-compagnoni.csv,1K4np9xUYM4nfOQXweG6DciN25nWtJIYH,1992,2013,22,21,Count (two censuses a year),com,h,alpha_var_rate,0.01409039168709795
L3-sgs-plants-compagnoni.csv,148nSV1EiEWmyOXlMCDL4SUg4f53RhY9K,1995,2008,14,13,PERCENT_COVER,divpart_time_series,q_order_0,alpha_div_mean,13.75
L3-sgs-plants-compagnoni.csv,148nSV1EiEWmyOXlMCDL4SUg4f53RhY9K,1995,2008,14,13,PERCENT_COVER,divpart_time_series,q_order_0,alpha_div_cv,0.17389089908186486
L3-sgs-plants-compagnoni.csv,148nSV1EiEWmyOXlMCDL4SUg4f53RhY9K,1995,2008,14,13,PERCENT_COVER,divpart_time_series,q_order_0,beta_div_mean,2.106317555403744
L3-sgs-plants-compagnoni.csv,148nSV1EiEWmyOXlMCDL4SUg4f53RhY9K,1995,2008,14,13,PERCENT_COVER,divpart_time_series,q_order_0,beta_div_cv,0.07761405699399171
L3-sgs-plants-compagnoni.csv,148nSV1EiEWmyOXlMCDL4SUg4f53RhY9K,1995,2008,14,13,PERCENT_COVER,divpart_time_series,q_order_0,gamma_div_mean,28.857142857142858
L3-sgs-plants-compagnoni.csv,148nSV1EiEWmyOXlMCDL4SUg4f53RhY9K,1995,2008,14,13,PERCENT_COVER,divpart_time_series,q_order_0,gamma_div_cv,0.17662399776832385
L3-sgs-plants-compagnoni.csv,148nSV1EiEWmyOXlMCDL4SUg4f53RhY9K,1995,2008,14,13,PERCENT_COVER,agg,NA,gamma_var,0.04828142015064946
L3-sgs-plants-compagnoni.csv,148nSV1EiEWmyOXlMCDL4SUg4f53RhY9K,1995,2008,14,13,PERCENT_COVER,agg,NA,alpha_var,0.084826272416372
L3-sgs-plants-compagnoni.csv,148nSV1EiEWmyOXlMCDL4SUg4f53RhY9K,1995,2008,14,13,PERCENT_COVER,agg,NA,phi_var,0.5691800284899804
L3-sgs-plants-compagnoni.csv,148nSV1EiEWmyOXlMCDL4SUg4f53RhY9K,1995,2008,14,13,PERCENT_COVER,agg,NA,gamma_var_rate,0.0037139553962038043
L3-sgs-plants-compagnoni.csv,148nSV1EiEWmyOXlMCDL4SUg4f53RhY9K,1995,2008,14,13,PERCENT_COVER,agg,NA,alpha_var_rate,0.006525097878182461
L3-sgs-plants-compagnoni.csv,148nSV1EiEWmyOXlMCDL4SUg4f53RhY9K,1995,2008,14,13,PERCENT_COVER,com,h,gamma_var,0.13016851365476467
L3-sgs-plants-compagnoni.csv,148nSV1EiEWmyOXlMCDL4SUg4f53RhY9K,1995,2008,14,13,PERCENT_COVER,com,h,alpha_var,0.26061303061686786
L3-sgs-plants-compagnoni.csv,148nSV1EiEWmyOXlMCDL4SUg4f53RhY9K,1995,2008,14,13,PERCENT_COVER,com,h,phi_var,0.4994704729332121
L3-sgs-plants-compagnoni.csv,148nSV1EiEWmyOXlMCDL4SUg4f53RhY9K,1995,2008,14,13,PERCENT_COVER,com,h,gamma_var_rate,0.010012962588828053
L3-sgs-plants-compagnoni.csv,148nSV1EiEWmyOXlMCDL4SUg4f53RhY9K,1995,2008,14,13,PERCENT_COVER,com,h,alpha_var_rate,0.020047156201297527
L3-sbc-sessileInverts-castorani.csv,14OQ6ns8-7ixyMuQaUEzVC32lFOarVTk1,2001,2018,18,17,g dry per m2,divpart_time_series,q_order_0,alpha_div_mean,17.69753086419753
L3-sbc-sessileInverts-castorani.csv,14OQ6ns8-7ixyMuQaUEzVC32lFOarVTk1,2001,2018,18,17,g dry per m2,divpart_time_series,q_order_0,alpha_div_cv,0.12898814534743372
L3-sbc-sessileInverts-castorani.csv,14OQ6ns8-7ixyMuQaUEzVC32lFOarVTk1,2001,2018,18,17,g dry per m2,divpart_time_series,q_order_0,beta_div_mean,2.787420928491164
L3-sbc-sessileInverts-castorani.csv,14OQ6ns8-7ixyMuQaUEzVC32lFOarVTk1,2001,2018,18,17,g dry per m2,divpart_time_series,q_order_0,beta_div_cv,0.09556817918888856
L3-sbc-sessileInverts-castorani.csv,14OQ6ns8-7ixyMuQaUEzVC32lFOarVTk1,2001,2018,18,17,g dry per m2,divpart_time_series,q_order_0,gamma_div_mean,49.05555555555556
L3-sbc-sessileInverts-castorani.csv,14OQ6ns8-7ixyMuQaUEzVC32lFOarVTk1,2001,2018,18,17,g dry per m2,divpart_time_series,q_order_0,gamma_div_cv,0.1139231228483243
L3-sbc-sessileInverts-castorani.csv,14OQ6ns8-7ixyMuQaUEzVC32lFOarVTk1,2001,2018,18,17,g dry per m2,agg,NA,gamma_var,0.2814369760599189
L3-sbc-sessileInverts-castorani.csv,14OQ6ns8-7ixyMuQaUEzVC32lFOarVTk1,2001,2018,18,17,g dry per m2,agg,NA,alpha_var,0.5207009554473285
L3-sbc-sessileInverts-castorani.csv,14OQ6ns8-7ixyMuQaUEzVC32lFOarVTk1,2001,2018,18,17,g dry per m2,agg,NA,phi_var,0.5404963695872989
L3-sbc-sessileInverts-castorani.csv,14OQ6ns8-7ixyMuQaUEzVC32lFOarVTk1,2001,2018,18,17,g dry per m2,agg,NA,gamma_var_rate,0.016555116238818758
L3-sbc-sessileInverts-castorani.csv,14OQ6ns8-7ixyMuQaUEzVC32lFOarVTk1,2001,2018,18,17,g dry per m2,agg,NA,alpha_var_rate,0.030629467967489915
L3-sbc-sessileInverts-castorani.csv,14OQ6ns8-7ixyMuQaUEzVC32lFOarVTk1,2001,2018,18,17,g dry per m2,com,h,gamma_var,0.010651971386896567
L3-sbc-sessileInverts-castorani.csv,14OQ6ns8-7ixyMuQaUEzVC32lFOarVTk1,2001,2018,18,17,g dry per m2,com,h,alpha_var,0.03712351632464573
L3-sbc-sessileInverts-castorani.csv,14OQ6ns8-7ixyMuQaUEzVC32lFOarVTk1,2001,2018,18,17,g dry per m2,com,h,phi_var,0.28693325529146835
L3-sbc-sessileInverts-castorani.csv,14OQ6ns8-7ixyMuQaUEzVC32lFOarVTk1,2001,2018,18,17,g dry per m2,com,h,gamma_var_rate,6.265865521703863e-4
L3-sbc-sessileInverts-castorani.csv,14OQ6ns8-7ixyMuQaUEzVC32lFOarVTk1,2001,2018,18,17,g dry per m2,com,h,alpha_var_rate,0.0021837362543909253
L3-sbc-fish-castorani.csv,18Ydt97RzhD99-ZBrBgsn3EpYTVQpufaw,2001,2018,18,17,g dry per m2,divpart_time_series,q_order_0,alpha_div_mean,12.135802469135802
L3-sbc-fish-castorani.csv,18Ydt97RzhD99-ZBrBgsn3EpYTVQpufaw,2001,2018,18,17,g dry per m2,divpart_time_series,q_order_0,alpha_div_cv,0.1920390387898523
L3-sbc-fish-castorani.csv,18Ydt97RzhD99-ZBrBgsn3EpYTVQpufaw,2001,2018,18,17,g dry per m2,divpart_time_series,q_order_0,beta_div_mean,2.944590938046286
L3-sbc-fish-castorani.csv,18Ydt97RzhD99-ZBrBgsn3EpYTVQpufaw,2001,2018,18,17,g dry per m2,divpart_time_series,q_order_0,beta_div_cv,0.14947092223303232
L3-sbc-fish-castorani.csv,18Ydt97RzhD99-ZBrBgsn3EpYTVQpufaw,2001,2018,18,17,g dry per m2,divpart_time_series,q_order_0,gamma_div_mean,35.111111111111114
L3-sbc-fish-castorani.csv,18Ydt97RzhD99-ZBrBgsn3EpYTVQpufaw,2001,2018,18,17,g dry per m2,divpart_time_series,q_order_0,gamma_div_cv,0.14118990105489637
L3-sbc-fish-castorani.csv,18Ydt97RzhD99-ZBrBgsn3EpYTVQpufaw,2001,2018,18,17,g dry per m2,agg,NA,gamma_var,0.23395712489107276
L3-sbc-fish-castorani.csv,18Ydt97RzhD99-ZBrBgsn3EpYTVQpufaw,2001,2018,18,17,g dry per m2,agg,NA,alpha_var,1.3027459021124739
L3-sbc-fish-castorani.csv,18Ydt97RzhD99-ZBrBgsn3EpYTVQpufaw,2001,2018,18,17,g dry per m2,agg,NA,phi_var,0.17958768821433133
L3-sbc-fish-castorani.csv,18Ydt97RzhD99-ZBrBgsn3EpYTVQpufaw,2001,2018,18,17,g dry per m2,agg,NA,gamma_var_rate,0.013762183817121926
L3-sbc-fish-castorani.csv,18Ydt97RzhD99-ZBrBgsn3EpYTVQpufaw,2001,2018,18,17,g dry per m2,agg,NA,alpha_var_rate,0.07663211188896905
L3-sbc-fish-castorani.csv,18Ydt97RzhD99-ZBrBgsn3EpYTVQpufaw,2001,2018,18,17,g dry per m2,com,h,gamma_var,0.3574667501579737
L3-sbc-fish-castorani.csv,18Ydt97RzhD99-ZBrBgsn3EpYTVQpufaw,2001,2018,18,17,g dry per m2,com,h,alpha_var,0.5370836150559173
L3-sbc-fish-castorani.csv,18Ydt97RzhD99-ZBrBgsn3EpYTVQpufaw,2001,2018,18,17,g dry per m2,com,h,phi_var,0.66557001579867
L3-sbc-fish-castorani.csv,18Ydt97RzhD99-ZBrBgsn3EpYTVQpufaw,2001,2018,18,17,g dry per m2,com,h,gamma_var_rate,0.02102745589164551
L3-sbc-fish-castorani.csv,18Ydt97RzhD99-ZBrBgsn3EpYTVQpufaw,2001,2018,18,17,g dry per m2,com,h,alpha_var_rate,0.03159315382681866
L3-sev-plants-compagnoni.csv,1ydH1raYgsam0S29Uom2NJ1MkYM_TfUtr,2003,2015,13,12,count,divpart_time_series,q_order_0,alpha_div_mean,29.048076923076923
L3-sev-plants-compagnoni.csv,1ydH1raYgsam0S29Uom2NJ1MkYM_TfUtr,2003,2015,13,12,count,divpart_time_series,q_order_0,alpha_div_cv,0.1835773697105675
L3-sev-plants-compagnoni.csv,1ydH1raYgsam0S29Uom2NJ1MkYM_TfUtr,2003,2015,13,12,count,divpart_time_series,q_order_0,beta_div_mean,2.6128945396161765
L3-sev-plants-compagnoni.csv,1ydH1raYgsam0S29Uom2NJ1MkYM_TfUtr,2003,2015,13,12,count,divpart_time_series,q_order_0,beta_div_cv,0.12344760035408002
L3-sev-plants-compagnoni.csv,1ydH1raYgsam0S29Uom2NJ1MkYM_TfUtr,2003,2015,13,12,count,divpart_time_series,q_order_0,gamma_div_mean,74.61538461538463
L3-sev-plants-compagnoni.csv,1ydH1raYgsam0S29Uom2NJ1MkYM_TfUtr,2003,2015,13,12,count,divpart_time_series,q_order_0,gamma_div_cv,0.10798692268184332
L3-sev-plants-compagnoni.csv,1ydH1raYgsam0S29Uom2NJ1MkYM_TfUtr,2003,2015,13,12,count,agg,NA,gamma_var,0.2208282503223457
L3-sev-plants-compagnoni.csv,1ydH1raYgsam0S29Uom2NJ1MkYM_TfUtr,2003,2015,13,12,count,agg,NA,alpha_var,0.345907141187429
L3-sev-plants-compagnoni.csv,1ydH1raYgsam0S29Uom2NJ1MkYM_TfUtr,2003,2015,13,12,count,agg,NA,phi_var,0.6384032707861629
L3-sev-plants-compagnoni.csv,1ydH1raYgsam0S29Uom2NJ1MkYM_TfUtr,2003,2015,13,12,count,agg,NA,gamma_var_rate,0.01840235419352881
L3-sev-plants-compagnoni.csv,1ydH1raYgsam0S29Uom2NJ1MkYM_TfUtr,2003,2015,13,12,count,agg,NA,alpha_var_rate,0.028825595098952415
L3-sev-plants-compagnoni.csv,1ydH1raYgsam0S29Uom2NJ1MkYM_TfUtr,2003,2015,13,12,count,com,h,gamma_var,0.31024986341555205
L3-sev-plants-compagnoni.csv,1ydH1raYgsam0S29Uom2NJ1MkYM_TfUtr,2003,2015,13,12,count,com,h,alpha_var,0.3425008737806392
L3-sev-plants-compagnoni.csv,1ydH1raYgsam0S29Uom2NJ1MkYM_TfUtr,2003,2015,13,12,count,com,h,phi_var,0.9058367063152578
L3-sev-plants-compagnoni.csv,1ydH1raYgsam0S29Uom2NJ1MkYM_TfUtr,2003,2015,13,12,count,com,h,gamma_var_rate,0.025854155284629338
L3-sev-plants-compagnoni.csv,1ydH1raYgsam0S29Uom2NJ1MkYM_TfUtr,2003,2015,13,12,count,com,h,alpha_var_rate,0.028541739481719935
L3-sbc-mobileInverts-castorani.csv,1RW10vEIA0Xy6w8asqKbd3dM3jgobb-5_,2001,2018,18,17,g dry per m2,divpart_time_series,q_order_0,alpha_div_mean,12.69753086419753
L3-sbc-mobileInverts-castorani.csv,1RW10vEIA0Xy6w8asqKbd3dM3jgobb-5_,2001,2018,18,17,g dry per m2,divpart_time_series,q_order_0,alpha_div_cv,0.08625169741859809
L3-sbc-mobileInverts-castorani.csv,1RW10vEIA0Xy6w8asqKbd3dM3jgobb-5_,2001,2018,18,17,g dry per m2,divpart_time_series,q_order_0,beta_div_mean,2.224703997949507
L3-sbc-mobileInverts-castorani.csv,1RW10vEIA0Xy6w8asqKbd3dM3jgobb-5_,2001,2018,18,17,g dry per m2,divpart_time_series,q_order_0,beta_div_cv,0.08492003000452142
L3-sbc-mobileInverts-castorani.csv,1RW10vEIA0Xy6w8asqKbd3dM3jgobb-5_,2001,2018,18,17,g dry per m2,divpart_time_series,q_order_0,gamma_div_mean,28.11111111111111
L3-sbc-mobileInverts-castorani.csv,1RW10vEIA0Xy6w8asqKbd3dM3jgobb-5_,2001,2018,18,17,g dry per m2,divpart_time_series,q_order_0,gamma_div_cv,0.06670638576706012
L3-sbc-mobileInverts-castorani.csv,1RW10vEIA0Xy6w8asqKbd3dM3jgobb-5_,2001,2018,18,17,g dry per m2,agg,NA,gamma_var,0.1985964468933521
L3-sbc-mobileInverts-castorani.csv,1RW10vEIA0Xy6w8asqKbd3dM3jgobb-5_,2001,2018,18,17,g dry per m2,agg,NA,alpha_var,0.3788353426830948
L3-sbc-mobileInverts-castorani.csv,1RW10vEIA0Xy6w8asqKbd3dM3jgobb-5_,2001,2018,18,17,g dry per m2,agg,NA,phi_var,0.5242289314581796
L3-sbc-mobileInverts-castorani.csv,1RW10vEIA0Xy6w8asqKbd3dM3jgobb-5_,2001,2018,18,17,g dry per m2,agg,NA,gamma_var_rate,0.011682143934903064
L3-sbc-mobileInverts-castorani.csv,1RW10vEIA0Xy6w8asqKbd3dM3jgobb-5_,2001,2018,18,17,g dry per m2,agg,NA,alpha_var_rate,0.02228443192253499
L3-sbc-mobileInverts-castorani.csv,1RW10vEIA0Xy6w8asqKbd3dM3jgobb-5_,2001,2018,18,17,g dry per m2,com,h,gamma_var,0.10189113673270866
L3-sbc-mobileInverts-castorani.csv,1RW10vEIA0Xy6w8asqKbd3dM3jgobb-5_,2001,2018,18,17,g dry per m2,com,h,alpha_var,0.18628783067302446
L3-sbc-mobileInverts-castorani.csv,1RW10vEIA0Xy6w8asqKbd3dM3jgobb-5_,2001,2018,18,17,g dry per m2,com,h,phi_var,0.5469554096185151
L3-sbc-mobileInverts-castorani.csv,1RW10vEIA0Xy6w8asqKbd3dM3jgobb-5_,2001,2018,18,17,g dry per m2,com,h,gamma_var_rate,0.005993596278394627
L3-sbc-mobileInverts-castorani.csv,1RW10vEIA0Xy6w8asqKbd3dM3jgobb-5_,2001,2018,18,17,g dry per m2,com,h,alpha_var_rate,0.010958107686648497
L3-sbc-algae-castorani.csv,1aNi0QdQMdPxwUJjvkAwoUKBtwkYfzBHC,2001,2018,18,17,g dry per m2,divpart_time_series,q_order_0,alpha_div_mean,17.830065359477125
L3-sbc-algae-castorani.csv,1aNi0QdQMdPxwUJjvkAwoUKBtwkYfzBHC,2001,2018,18,17,g dry per m2,divpart_time_series,q_order_0,alpha_div_cv,0.09389264015889244
L3-sbc-algae-castorani.csv,1aNi0QdQMdPxwUJjvkAwoUKBtwkYfzBHC,2001,2018,18,17,g dry per m2,divpart_time_series,q_order_0,beta_div_mean,2.3051052520581146
L3-sbc-algae-castorani.csv,1aNi0QdQMdPxwUJjvkAwoUKBtwkYfzBHC,2001,2018,18,17,g dry per m2,divpart_time_series,q_order_0,beta_div_cv,0.07813760242647826
L3-sbc-algae-castorani.csv,1aNi0QdQMdPxwUJjvkAwoUKBtwkYfzBHC,2001,2018,18,17,g dry per m2,divpart_time_series,q_order_0,gamma_div_mean,41.388888888888886
L3-sbc-algae-castorani.csv,1aNi0QdQMdPxwUJjvkAwoUKBtwkYfzBHC,2001,2018,18,17,g dry per m2,divpart_time_series,q_order_0,gamma_div_cv,0.12462190809553711
L3-sbc-algae-castorani.csv,1aNi0QdQMdPxwUJjvkAwoUKBtwkYfzBHC,2001,2018,18,17,g dry per m2,agg,NA,gamma_var,0.045451941050392304
L3-sbc-algae-castorani.csv,1aNi0QdQMdPxwUJjvkAwoUKBtwkYfzBHC,2001,2018,18,17,g dry per m2,agg,NA,alpha_var,0.23589770453669662
L3-sbc-algae-castorani.csv,1aNi0QdQMdPxwUJjvkAwoUKBtwkYfzBHC,2001,2018,18,17,g dry per m2,agg,NA,phi_var,0.19267648720728323
L3-sbc-algae-castorani.csv,1aNi0QdQMdPxwUJjvkAwoUKBtwkYfzBHC,2001,2018,18,17,g dry per m2,agg,NA,gamma_var_rate,0.0026736435911995475
L3-sbc-algae-castorani.csv,1aNi0QdQMdPxwUJjvkAwoUKBtwkYfzBHC,2001,2018,18,17,g dry per m2,agg,NA,alpha_var_rate,0.013876335560982153
L3-sbc-algae-castorani.csv,1aNi0QdQMdPxwUJjvkAwoUKBtwkYfzBHC,2001,2018,18,17,g dry per m2,com,h,gamma_var,0.05453268176610081
L3-sbc-algae-castorani.csv,1aNi0QdQMdPxwUJjvkAwoUKBtwkYfzBHC,2001,2018,18,17,g dry per m2,com,h,alpha_var,0.16240319159926722
L3-sbc-algae-castorani.csv,1aNi0QdQMdPxwUJjvkAwoUKBtwkYfzBHC,2001,2018,18,17,g dry per m2,com,h,phi_var,0.33578577630827094
L3-sbc-algae-castorani.csv,1aNi0QdQMdPxwUJjvkAwoUKBtwkYfzBHC,2001,2018,18,17,g dry per m2,com,h,gamma_var_rate,0.003207804809770636
L3-sbc-algae-castorani.csv,1aNi0QdQMdPxwUJjvkAwoUKBtwkYfzBHC,2001,2018,18,17,g dry per m2,com,h,alpha_var_rate,0.009553128917603954
L3-cdr-grasshopper-compagnoni.csv,1_9qsfrhtrFf0UP7WS5HGrz7XeRbLuZ58,1989,2006,18,17,COUNT (monthly sum),divpart_time_series,q_order_0,alpha_div_mean,11.25438596491228
L3-cdr-grasshopper-compagnoni.csv,1_9qsfrhtrFf0UP7WS5HGrz7XeRbLuZ58,1989,2006,18,17,COUNT (monthly sum),divpart_time_series,q_order_0,alpha_div_cv,0.24001843657669944
L3-cdr-grasshopper-compagnoni.csv,1_9qsfrhtrFf0UP7WS5HGrz7XeRbLuZ58,1989,2006,18,17,COUNT (monthly sum),divpart_time_series,q_order_0,beta_div_mean,2.840752952828736
L3-cdr-grasshopper-compagnoni.csv,1_9qsfrhtrFf0UP7WS5HGrz7XeRbLuZ58,1989,2006,18,17,COUNT (monthly sum),divpart_time_series,q_order_0,beta_div_cv,0.1492767068511179
L3-cdr-grasshopper-compagnoni.csv,1_9qsfrhtrFf0UP7WS5HGrz7XeRbLuZ58,1989,2006,18,17,COUNT (monthly sum),divpart_time_series,q_order_0,gamma_div_mean,31.055555555555554
L3-cdr-grasshopper-compagnoni.csv,1_9qsfrhtrFf0UP7WS5HGrz7XeRbLuZ58,1989,2006,18,17,COUNT (monthly sum),divpart_time_series,q_order_0,gamma_div_cv,0.1197068014178664
L3-cdr-grasshopper-compagnoni.csv,1_9qsfrhtrFf0UP7WS5HGrz7XeRbLuZ58,1989,2006,18,17,COUNT (monthly sum),agg,NA,gamma_var,0.3816088401560951
L3-cdr-grasshopper-compagnoni.csv,1_9qsfrhtrFf0UP7WS5HGrz7XeRbLuZ58,1989,2006,18,17,COUNT (monthly sum),agg,NA,alpha_var,0.6259349220938164
L3-cdr-grasshopper-compagnoni.csv,1_9qsfrhtrFf0UP7WS5HGrz7XeRbLuZ58,1989,2006,18,17,COUNT (monthly sum),agg,NA,phi_var,0.6096621656442724
L3-cdr-grasshopper-compagnoni.csv,1_9qsfrhtrFf0UP7WS5HGrz7XeRbLuZ58,1989,2006,18,17,COUNT (monthly sum),agg,NA,gamma_var_rate,0.022447578832711475
L3-cdr-grasshopper-compagnoni.csv,1_9qsfrhtrFf0UP7WS5HGrz7XeRbLuZ58,1989,2006,18,17,COUNT (monthly sum),agg,NA,alpha_var_rate,0.03681970129963626
L3-cdr-grasshopper-compagnoni.csv,1_9qsfrhtrFf0UP7WS5HGrz7XeRbLuZ58,1989,2006,18,17,COUNT (monthly sum),com,h,gamma_var,0.13770141702454855
L3-cdr-grasshopper-compagnoni.csv,1_9qsfrhtrFf0UP7WS5HGrz7XeRbLuZ58,1989,2006,18,17,COUNT (monthly sum),com,h,alpha_var,0.24532176891432636
L3-cdr-grasshopper-compagnoni.csv,1_9qsfrhtrFf0UP7WS5HGrz7XeRbLuZ58,1989,2006,18,17,COUNT (monthly sum),com,h,phi_var,0.5613094085940574
L3-cdr-grasshopper-compagnoni.csv,1_9qsfrhtrFf0UP7WS5HGrz7XeRbLuZ58,1989,2006,18,17,COUNT (monthly sum),com,h,gamma_var_rate,0.00810008335438521
L3-cdr-grasshopper-compagnoni.csv,1_9qsfrhtrFf0UP7WS5HGrz7XeRbLuZ58,1989,2006,18,17,COUNT (monthly sum),com,h,alpha_var_rate,0.01443069228907802
L3-mcr-coral-castorani.csv,1Ld6_kkQNKKoojVGTB1FAWXiVCIXctTKW,2005,2017,13,12,mean.percent.cover.per.0.25_m2,divpart_time_series,q_order_0,alpha_div_mean,16.076923076923077
L3-mcr-coral-castorani.csv,1Ld6_kkQNKKoojVGTB1FAWXiVCIXctTKW,2005,2017,13,12,mean.percent.cover.per.0.25_m2,divpart_time_series,q_order_0,alpha_div_cv,0.11854919256234851
L3-mcr-coral-castorani.csv,1Ld6_kkQNKKoojVGTB1FAWXiVCIXctTKW,2005,2017,13,12,mean.percent.cover.per.0.25_m2,divpart_time_series,q_order_0,beta_div_mean,1.3262887628427558
L3-mcr-coral-castorani.csv,1Ld6_kkQNKKoojVGTB1FAWXiVCIXctTKW,2005,2017,13,12,mean.percent.cover.per.0.25_m2,divpart_time_series,q_order_0,beta_div_cv,0.07716511267721946
L3-mcr-coral-castorani.csv,1Ld6_kkQNKKoojVGTB1FAWXiVCIXctTKW,2005,2017,13,12,mean.percent.cover.per.0.25_m2,divpart_time_series,q_order_0,gamma_div_mean,21.307692307692307
L3-mcr-coral-castorani.csv,1Ld6_kkQNKKoojVGTB1FAWXiVCIXctTKW,2005,2017,13,12,mean.percent.cover.per.0.25_m2,divpart_time_series,q_order_0,gamma_div_cv,0.13464300504672583
L3-mcr-coral-castorani.csv,1Ld6_kkQNKKoojVGTB1FAWXiVCIXctTKW,2005,2017,13,12,mean.percent.cover.per.0.25_m2,agg,NA,gamma_var,0.34875001552662205
L3-mcr-coral-castorani.csv,1Ld6_kkQNKKoojVGTB1FAWXiVCIXctTKW,2005,2017,13,12,mean.percent.cover.per.0.25_m2,agg,NA,alpha_var,0.37193851689632407
L3-mcr-coral-castorani.csv,1Ld6_kkQNKKoojVGTB1FAWXiVCIXctTKW,2005,2017,13,12,mean.percent.cover.per.0.25_m2,agg,NA,phi_var,0.9376550146965131
L3-mcr-coral-castorani.csv,1Ld6_kkQNKKoojVGTB1FAWXiVCIXctTKW,2005,2017,13,12,mean.percent.cover.per.0.25_m2,agg,NA,gamma_var_rate,0.02906250129388517
L3-mcr-coral-castorani.csv,1Ld6_kkQNKKoojVGTB1FAWXiVCIXctTKW,2005,2017,13,12,mean.percent.cover.per.0.25_m2,agg,NA,alpha_var_rate,0.030994876408027006
L3-mcr-coral-castorani.csv,1Ld6_kkQNKKoojVGTB1FAWXiVCIXctTKW,2005,2017,13,12,mean.percent.cover.per.0.25_m2,com,h,gamma_var,0.2515237972327788
L3-mcr-coral-castorani.csv,1Ld6_kkQNKKoojVGTB1FAWXiVCIXctTKW,2005,2017,13,12,mean.percent.cover.per.0.25_m2,com,h,alpha_var,0.2973831973367234
L3-mcr-coral-castorani.csv,1Ld6_kkQNKKoojVGTB1FAWXiVCIXctTKW,2005,2017,13,12,mean.percent.cover.per.0.25_m2,com,h,phi_var,0.8457902110319347
L3-mcr-coral-castorani.csv,1Ld6_kkQNKKoojVGTB1FAWXiVCIXctTKW,2005,2017,13,12,mean.percent.cover.per.0.25_m2,com,h,gamma_var_rate,0.0209603164360649
L3-mcr-coral-castorani.csv,1Ld6_kkQNKKoojVGTB1FAWXiVCIXctTKW,2005,2017,13,12,mean.percent.cover.per.0.25_m2,com,h,alpha_var_rate,0.02478193311139362
L3-mcr-algae-castorani.csv,1PG6v1-JNsG5m8QDTqrPXTtikYmPDCRK6,2006,2015,10,9,mean.percent.cover.per.0.25_m2,divpart_time_series,q_order_0,alpha_div_mean,16.433333333333334
L3-mcr-algae-castorani.csv,1PG6v1-JNsG5m8QDTqrPXTtikYmPDCRK6,2006,2015,10,9,mean.percent.cover.per.0.25_m2,divpart_time_series,q_order_0,alpha_div_cv,0.2538064960524139
L3-mcr-algae-castorani.csv,1PG6v1-JNsG5m8QDTqrPXTtikYmPDCRK6,2006,2015,10,9,mean.percent.cover.per.0.25_m2,divpart_time_series,q_order_0,beta_div_mean,1.9040021636082383
L3-mcr-algae-castorani.csv,1PG6v1-JNsG5m8QDTqrPXTtikYmPDCRK6,2006,2015,10,9,mean.percent.cover.per.0.25_m2,divpart_time_series,q_order_0,beta_div_cv,0.07596066010761264
L3-mcr-algae-castorani.csv,1PG6v1-JNsG5m8QDTqrPXTtikYmPDCRK6,2006,2015,10,9,mean.percent.cover.per.0.25_m2,divpart_time_series,q_order_0,gamma_div_mean,31.4
L3-mcr-algae-castorani.csv,1PG6v1-JNsG5m8QDTqrPXTtikYmPDCRK6,2006,2015,10,9,mean.percent.cover.per.0.25_m2,divpart_time_series,q_order_0,gamma_div_cv,0.2686425237857603
L3-mcr-algae-castorani.csv,1PG6v1-JNsG5m8QDTqrPXTtikYmPDCRK6,2006,2015,10,9,mean.percent.cover.per.0.25_m2,agg,NA,gamma_var,0.011681995836461727
L3-mcr-algae-castorani.csv,1PG6v1-JNsG5m8QDTqrPXTtikYmPDCRK6,2006,2015,10,9,mean.percent.cover.per.0.25_m2,agg,NA,alpha_var,0.013205628112803184
L3-mcr-algae-castorani.csv,1PG6v1-JNsG5m8QDTqrPXTtikYmPDCRK6,2006,2015,10,9,mean.percent.cover.per.0.25_m2,agg,NA,phi_var,0.8846225061521868
L3-mcr-algae-castorani.csv,1PG6v1-JNsG5m8QDTqrPXTtikYmPDCRK6,2006,2015,10,9,mean.percent.cover.per.0.25_m2,agg,NA,gamma_var_rate,0.0012979995373846363
L3-mcr-algae-castorani.csv,1PG6v1-JNsG5m8QDTqrPXTtikYmPDCRK6,2006,2015,10,9,mean.percent.cover.per.0.25_m2,agg,NA,alpha_var_rate,0.001467292012533687
L3-mcr-algae-castorani.csv,1PG6v1-JNsG5m8QDTqrPXTtikYmPDCRK6,2006,2015,10,9,mean.percent.cover.per.0.25_m2,com,h,gamma_var,0.0642808405231629
L3-mcr-algae-castorani.csv,1PG6v1-JNsG5m8QDTqrPXTtikYmPDCRK6,2006,2015,10,9,mean.percent.cover.per.0.25_m2,com,h,alpha_var,0.08394988483516852
L3-mcr-algae-castorani.csv,1PG6v1-JNsG5m8QDTqrPXTtikYmPDCRK6,2006,2015,10,9,mean.percent.cover.per.0.25_m2,com,h,phi_var,0.7657049279981166
L3-mcr-algae-castorani.csv,1PG6v1-JNsG5m8QDTqrPXTtikYmPDCRK6,2006,2015,10,9,mean.percent.cover.per.0.25_m2,com,h,gamma_var_rate,0.007142315613684766
L3-mcr-algae-castorani.csv,1PG6v1-JNsG5m8QDTqrPXTtikYmPDCRK6,2006,2015,10,9,mean.percent.cover.per.0.25_m2,com,h,alpha_var_rate,0.009327764981685392
L3-knz-grasshopper-compagnoni.csv,1ymFVTWkyrA03qlmOD2BbcHP8u--CCfN9,1996,2015,19,19,COUNT (average),divpart_time_series,q_order_0,alpha_div_mean,9.558704453441296
L3-knz-grasshopper-compagnoni.csv,1ymFVTWkyrA03qlmOD2BbcHP8u--CCfN9,1996,2015,19,19,COUNT (average),divpart_time_series,q_order_0,alpha_div_cv,0.24912191620283142
L3-knz-grasshopper-compagnoni.csv,1ymFVTWkyrA03qlmOD2BbcHP8u--CCfN9,1996,2015,19,19,COUNT (average),divpart_time_series,q_order_0,beta_div_mean,2.1883407737012672
L3-knz-grasshopper-compagnoni.csv,1ymFVTWkyrA03qlmOD2BbcHP8u--CCfN9,1996,2015,19,19,COUNT (average),divpart_time_series,q_order_0,beta_div_cv,0.144421548554824
L3-knz-grasshopper-compagnoni.csv,1ymFVTWkyrA03qlmOD2BbcHP8u--CCfN9,1996,2015,19,19,COUNT (average),divpart_time_series,q_order_0,gamma_div_mean,20.31578947368421
L3-knz-grasshopper-compagnoni.csv,1ymFVTWkyrA03qlmOD2BbcHP8u--CCfN9,1996,2015,19,19,COUNT (average),divpart_time_series,q_order_0,gamma_div_cv,0.1548347440153776
L3-knz-grasshopper-compagnoni.csv,1ymFVTWkyrA03qlmOD2BbcHP8u--CCfN9,1996,2015,19,19,COUNT (average),agg,NA,gamma_var,0.4541537203812544
L3-knz-grasshopper-compagnoni.csv,1ymFVTWkyrA03qlmOD2BbcHP8u--CCfN9,1996,2015,19,19,COUNT (average),agg,NA,alpha_var,0.6396289397510607
L3-knz-grasshopper-compagnoni.csv,1ymFVTWkyrA03qlmOD2BbcHP8u--CCfN9,1996,2015,19,19,COUNT (average),agg,NA,phi_var,0.7100268486257172
L3-knz-grasshopper-compagnoni.csv,1ymFVTWkyrA03qlmOD2BbcHP8u--CCfN9,1996,2015,19,19,COUNT (average),agg,NA,gamma_var_rate,0.023902827388487074
L3-knz-grasshopper-compagnoni.csv,1ymFVTWkyrA03qlmOD2BbcHP8u--CCfN9,1996,2015,19,19,COUNT (average),agg,NA,alpha_var_rate,0.033664681039529513
L3-knz-grasshopper-compagnoni.csv,1ymFVTWkyrA03qlmOD2BbcHP8u--CCfN9,1996,2015,19,19,COUNT (average),com,h,gamma_var,0.14576207731853172
L3-knz-grasshopper-compagnoni.csv,1ymFVTWkyrA03qlmOD2BbcHP8u--CCfN9,1996,2015,19,19,COUNT (average),com,h,alpha_var,0.23943889780915983
L3-knz-grasshopper-compagnoni.csv,1ymFVTWkyrA03qlmOD2BbcHP8u--CCfN9,1996,2015,19,19,COUNT (average),com,h,phi_var,0.6087652367774787
L3-knz-grasshopper-compagnoni.csv,1ymFVTWkyrA03qlmOD2BbcHP8u--CCfN9,1996,2015,19,19,COUNT (average),com,h,gamma_var_rate,0.0076716882799227224
L3-knz-grasshopper-compagnoni.csv,1ymFVTWkyrA03qlmOD2BbcHP8u--CCfN9,1996,2015,19,19,COUNT (average),com,h,alpha_var_rate,0.012602047253113676
L3-cdr-plantsD-compagnoni.csv,1DkBYWsodKtsg9KUm2Lh8aJ90zakD5t4N,1982,2004,23,22,BIOMASS,divpart_time_series,q_order_0,alpha_div_mean,13.86086956521739
L3-cdr-plantsD-compagnoni.csv,1DkBYWsodKtsg9KUm2Lh8aJ90zakD5t4N,1982,2004,23,22,BIOMASS,divpart_time_series,q_order_0,alpha_div_cv,0.1329895983304641
L3-cdr-plantsD-compagnoni.csv,1DkBYWsodKtsg9KUm2Lh8aJ90zakD5t4N,1982,2004,23,22,BIOMASS,divpart_time_series,q_order_0,beta_div_mean,2.228108098935068
L3-cdr-plantsD-compagnoni.csv,1DkBYWsodKtsg9KUm2Lh8aJ90zakD5t4N,1982,2004,23,22,BIOMASS,divpart_time_series,q_order_0,beta_div_cv,0.08945426166225849
L3-cdr-plantsD-compagnoni.csv,1DkBYWsodKtsg9KUm2Lh8aJ90zakD5t4N,1982,2004,23,22,BIOMASS,divpart_time_series,q_order_0,gamma_div_mean,30.695652173913043
L3-cdr-plantsD-compagnoni.csv,1DkBYWsodKtsg9KUm2Lh8aJ90zakD5t4N,1982,2004,23,22,BIOMASS,divpart_time_series,q_order_0,gamma_div_cv,0.11473326272548004
L3-cdr-plantsD-compagnoni.csv,1DkBYWsodKtsg9KUm2Lh8aJ90zakD5t4N,1982,2004,23,22,BIOMASS,agg,NA,gamma_var,0.1268579650641237
L3-cdr-plantsD-compagnoni.csv,1DkBYWsodKtsg9KUm2Lh8aJ90zakD5t4N,1982,2004,23,22,BIOMASS,agg,NA,alpha_var,0.257742622195454
L3-cdr-plantsD-compagnoni.csv,1DkBYWsodKtsg9KUm2Lh8aJ90zakD5t4N,1982,2004,23,22,BIOMASS,agg,NA,phi_var,0.4921885405818657
L3-cdr-plantsD-compagnoni.csv,1DkBYWsodKtsg9KUm2Lh8aJ90zakD5t4N,1982,2004,23,22,BIOMASS,agg,NA,gamma_var_rate,0.00576627113927835
L3-cdr-plantsD-compagnoni.csv,1DkBYWsodKtsg9KUm2Lh8aJ90zakD5t4N,1982,2004,23,22,BIOMASS,agg,NA,alpha_var_rate,0.011715573736157002
L3-cdr-plantsD-compagnoni.csv,1DkBYWsodKtsg9KUm2Lh8aJ90zakD5t4N,1982,2004,23,22,BIOMASS,com,h,gamma_var,0.3164161039577933
L3-cdr-plantsD-compagnoni.csv,1DkBYWsodKtsg9KUm2Lh8aJ90zakD5t4N,1982,2004,23,22,BIOMASS,com,h,alpha_var,0.45000821909573757
L3-cdr-plantsD-compagnoni.csv,1DkBYWsodKtsg9KUm2Lh8aJ90zakD5t4N,1982,2004,23,22,BIOMASS,com,h,phi_var,0.7031340551815054
L3-cdr-plantsD-compagnoni.csv,1DkBYWsodKtsg9KUm2Lh8aJ90zakD5t4N,1982,2004,23,22,BIOMASS,com,h,gamma_var_rate,0.014382550179899695
L3-cdr-plantsD-compagnoni.csv,1DkBYWsodKtsg9KUm2Lh8aJ90zakD5t4N,1982,2004,23,22,BIOMASS,com,h,alpha_var_rate,0.020454919049806255
L3-gce-mollusc-compagnoni.csv,1cdWPnidG_Kaef9nE-RaNDfzPuk7BrR1x,2000,2013,14,13,DENSITY,divpart_time_series,q_order_0,alpha_div_mean,1.9351851851851853
L3-gce-mollusc-compagnoni.csv,1cdWPnidG_Kaef9nE-RaNDfzPuk7BrR1x,2000,2013,14,13,DENSITY,divpart_time_series,q_order_0,alpha_div_cv,0.11106251592309402
L3-gce-mollusc-compagnoni.csv,1cdWPnidG_Kaef9nE-RaNDfzPuk7BrR1x,2000,2013,14,13,DENSITY,divpart_time_series,q_order_0,beta_div_mean,2.824601205246366
L3-gce-mollusc-compagnoni.csv,1cdWPnidG_Kaef9nE-RaNDfzPuk7BrR1x,2000,2013,14,13,DENSITY,divpart_time_series,q_order_0,beta_div_cv,0.21981419693268253
L3-gce-mollusc-compagnoni.csv,1cdWPnidG_Kaef9nE-RaNDfzPuk7BrR1x,2000,2013,14,13,DENSITY,divpart_time_series,q_order_0,gamma_div_mean,5.928571428571428
L3-gce-mollusc-compagnoni.csv,1cdWPnidG_Kaef9nE-RaNDfzPuk7BrR1x,2000,2013,14,13,DENSITY,divpart_time_series,q_order_0,gamma_div_cv,0.21401689527120815
L3-gce-mollusc-compagnoni.csv,1cdWPnidG_Kaef9nE-RaNDfzPuk7BrR1x,2000,2013,14,13,DENSITY,agg,NA,gamma_var,0.08046097393005294
L3-gce-mollusc-compagnoni.csv,1cdWPnidG_Kaef9nE-RaNDfzPuk7BrR1x,2000,2013,14,13,DENSITY,agg,NA,alpha_var,0.3183384038300799
L3-gce-mollusc-compagnoni.csv,1cdWPnidG_Kaef9nE-RaNDfzPuk7BrR1x,2000,2013,14,13,DENSITY,agg,NA,phi_var,0.2527529602523256
L3-gce-mollusc-compagnoni.csv,1cdWPnidG_Kaef9nE-RaNDfzPuk7BrR1x,2000,2013,14,13,DENSITY,agg,NA,gamma_var_rate,0.00618930568692715
L3-gce-mollusc-compagnoni.csv,1cdWPnidG_Kaef9nE-RaNDfzPuk7BrR1x,2000,2013,14,13,DENSITY,agg,NA,alpha_var_rate,0.02448756952539076
L3-gce-mollusc-compagnoni.csv,1cdWPnidG_Kaef9nE-RaNDfzPuk7BrR1x,2000,2013,14,13,DENSITY,com,h,gamma_var,0.038228900860224624
L3-gce-mollusc-compagnoni.csv,1cdWPnidG_Kaef9nE-RaNDfzPuk7BrR1x,2000,2013,14,13,DENSITY,com,h,alpha_var,0.07337390485244287
L3-gce-mollusc-compagnoni.csv,1cdWPnidG_Kaef9nE-RaNDfzPuk7BrR1x,2000,2013,14,13,DENSITY,com,h,phi_var,0.5210149430796152
L3-gce-mollusc-compagnoni.csv,1cdWPnidG_Kaef9nE-RaNDfzPuk7BrR1x,2000,2013,14,13,DENSITY,com,h,gamma_var_rate,0.0029406846815557405
L3-gce-mollusc-compagnoni.csv,1cdWPnidG_Kaef9nE-RaNDfzPuk7BrR1x,2000,2013,14,13,DENSITY,com,h,alpha_var_rate,0.00564414652711099
L3-and-birds-wisnoski.csv,1upRgLbmo_8XsMVo77T5bMsOCiIfWUzoX,2009,2013,5,4,count,divpart_time_series,q_order_0,alpha_div_mean,10.873913043478261
L3-and-birds-wisnoski.csv,1upRgLbmo_8XsMVo77T5bMsOCiIfWUzoX,2009,2013,5,4,count,divpart_time_series,q_order_0,alpha_div_cv,0.12099983425416252
L3-and-birds-wisnoski.csv,1upRgLbmo_8XsMVo77T5bMsOCiIfWUzoX,2009,2013,5,4,count,divpart_time_series,q_order_0,beta_div_mean,5.334975863480094
L3-and-birds-wisnoski.csv,1upRgLbmo_8XsMVo77T5bMsOCiIfWUzoX,2009,2013,5,4,count,divpart_time_series,q_order_0,beta_div_cv,0.14381490667090052
L3-and-birds-wisnoski.csv,1upRgLbmo_8XsMVo77T5bMsOCiIfWUzoX,2009,2013,5,4,count,divpart_time_series,q_order_0,gamma_div_mean,57.6
L3-and-birds-wisnoski.csv,1upRgLbmo_8XsMVo77T5bMsOCiIfWUzoX,2009,2013,5,4,count,divpart_time_series,q_order_0,gamma_div_cv,0.14242461320828945
L3-and-birds-wisnoski.csv,1upRgLbmo_8XsMVo77T5bMsOCiIfWUzoX,2009,2013,5,4,count,agg,NA,gamma_var,0.016797280520625655
L3-and-birds-wisnoski.csv,1upRgLbmo_8XsMVo77T5bMsOCiIfWUzoX,2009,2013,5,4,count,agg,NA,alpha_var,0.04911594785234959
L3-and-birds-wisnoski.csv,1upRgLbmo_8XsMVo77T5bMsOCiIfWUzoX,2009,2013,5,4,count,agg,NA,phi_var,0.34199239259559794
L3-and-birds-wisnoski.csv,1upRgLbmo_8XsMVo77T5bMsOCiIfWUzoX,2009,2013,5,4,count,agg,NA,gamma_var_rate,0.004199320130156414
L3-and-birds-wisnoski.csv,1upRgLbmo_8XsMVo77T5bMsOCiIfWUzoX,2009,2013,5,4,count,agg,NA,alpha_var_rate,0.012278986963087397
L3-and-birds-wisnoski.csv,1upRgLbmo_8XsMVo77T5bMsOCiIfWUzoX,2009,2013,5,4,count,com,h,gamma_var,0.035378781069848986
L3-and-birds-wisnoski.csv,1upRgLbmo_8XsMVo77T5bMsOCiIfWUzoX,2009,2013,5,4,count,com,h,alpha_var,0.38335579629331507
L3-and-birds-wisnoski.csv,1upRgLbmo_8XsMVo77T5bMsOCiIfWUzoX,2009,2013,5,4,count,com,h,phi_var,0.09228706442403652
L3-and-birds-wisnoski.csv,1upRgLbmo_8XsMVo77T5bMsOCiIfWUzoX,2009,2013,5,4,count,com,h,gamma_var_rate,0.008844695267462246
L3-and-birds-wisnoski.csv,1upRgLbmo_8XsMVo77T5bMsOCiIfWUzoX,2009,2013,5,4,count,com,h,alpha_var_rate,0.09583894907332877
L3-daa-plants-compagnoni.csv,13IgGVpN1yJW-QkdNZM_szsQaAVuLPtEB,1983,2015,30,32,COUNT,divpart_time_series,q_order_0,alpha_div_mean,6.876031746031746
L3-daa-plants-compagnoni.csv,13IgGVpN1yJW-QkdNZM_szsQaAVuLPtEB,1983,2015,30,32,COUNT,divpart_time_series,q_order_0,alpha_div_cv,0.3989145447251214
L3-daa-plants-compagnoni.csv,13IgGVpN1yJW-QkdNZM_szsQaAVuLPtEB,1983,2015,30,32,COUNT,divpart_time_series,q_order_0,beta_div_mean,2.5453534044204402
L3-daa-plants-compagnoni.csv,13IgGVpN1yJW-QkdNZM_szsQaAVuLPtEB,1983,2015,30,32,COUNT,divpart_time_series,q_order_0,beta_div_cv,0.20664700158908214
L3-daa-plants-compagnoni.csv,13IgGVpN1yJW-QkdNZM_szsQaAVuLPtEB,1983,2015,30,32,COUNT,divpart_time_series,q_order_0,gamma_div_mean,17.266666666666666
L3-daa-plants-compagnoni.csv,13IgGVpN1yJW-QkdNZM_szsQaAVuLPtEB,1983,2015,30,32,COUNT,divpart_time_series,q_order_0,gamma_div_cv,0.4258405945444454
L3-daa-plants-compagnoni.csv,13IgGVpN1yJW-QkdNZM_szsQaAVuLPtEB,1983,2015,30,32,COUNT,agg,NA,gamma_var,0.739123297420514
L3-daa-plants-compagnoni.csv,13IgGVpN1yJW-QkdNZM_szsQaAVuLPtEB,1983,2015,30,32,COUNT,agg,NA,alpha_var,1.3500023831811276
L3-daa-plants-compagnoni.csv,13IgGVpN1yJW-QkdNZM_szsQaAVuLPtEB,1983,2015,30,32,COUNT,agg,NA,phi_var,0.5474977723215967
L3-daa-plants-compagnoni.csv,13IgGVpN1yJW-QkdNZM_szsQaAVuLPtEB,1983,2015,30,32,COUNT,agg,NA,gamma_var_rate,0.02309760304439106
L3-daa-plants-compagnoni.csv,13IgGVpN1yJW-QkdNZM_szsQaAVuLPtEB,1983,2015,30,32,COUNT,agg,NA,alpha_var_rate,0.04218757447441024
L3-daa-plants-compagnoni.csv,13IgGVpN1yJW-QkdNZM_szsQaAVuLPtEB,1983,2015,30,32,COUNT,com,h,gamma_var,0.4154863345795783
L3-daa-plants-compagnoni.csv,13IgGVpN1yJW-QkdNZM_szsQaAVuLPtEB,1983,2015,30,32,COUNT,com,h,alpha_var,0.5752040140430206
L3-daa-plants-compagnoni.csv,13IgGVpN1yJW-QkdNZM_szsQaAVuLPtEB,1983,2015,30,32,COUNT,com,h,phi_var,0.7223286424223446
L3-daa-plants-compagnoni.csv,13IgGVpN1yJW-QkdNZM_szsQaAVuLPtEB,1983,2015,30,32,COUNT,com,h,gamma_var_rate,0.012983947955611821
L3-daa-plants-compagnoni.csv,13IgGVpN1yJW-QkdNZM_szsQaAVuLPtEB,1983,2015,30,32,COUNT,com,h,alpha_var_rate,0.017975125438844393
L3-sgs-plants-catano.csv,1osf8W0yTs4gYjGBvbgnz92p2vZ5G08lm,1999,2006,8,7,PCT_COVER,divpart_time_series,q_order_0,alpha_div_mean,17.666666666666664
L3-sgs-plants-catano.csv,1osf8W0yTs4gYjGBvbgnz92p2vZ5G08lm,1999,2006,8,7,PCT_COVER,divpart_time_series,q_order_0,alpha_div_cv,0.2214183587915133
L3-sgs-plants-catano.csv,1osf8W0yTs4gYjGBvbgnz92p2vZ5G08lm,1999,2006,8,7,PCT_COVER,divpart_time_series,q_order_0,beta_div_mean,2.074158477141471
L3-sgs-plants-catano.csv,1osf8W0yTs4gYjGBvbgnz92p2vZ5G08lm,1999,2006,8,7,PCT_COVER,divpart_time_series,q_order_0,beta_div_cv,0.08343246631776856
L3-sgs-plants-catano.csv,1osf8W0yTs4gYjGBvbgnz92p2vZ5G08lm,1999,2006,8,7,PCT_COVER,divpart_time_series,q_order_0,gamma_div_mean,37
L3-sgs-plants-catano.csv,1osf8W0yTs4gYjGBvbgnz92p2vZ5G08lm,1999,2006,8,7,PCT_COVER,divpart_time_series,q_order_0,gamma_div_cv,0.2808731039300883
L3-sgs-plants-catano.csv,1osf8W0yTs4gYjGBvbgnz92p2vZ5G08lm,1999,2006,8,7,PCT_COVER,agg,NA,gamma_var,0.18291007452692307
L3-sgs-plants-catano.csv,1osf8W0yTs4gYjGBvbgnz92p2vZ5G08lm,1999,2006,8,7,PCT_COVER,agg,NA,alpha_var,0.22003088269360277
L3-sgs-plants-catano.csv,1osf8W0yTs4gYjGBvbgnz92p2vZ5G08lm,1999,2006,8,7,PCT_COVER,agg,NA,phi_var,0.8312927362184374
L3-sgs-plants-catano.csv,1osf8W0yTs4gYjGBvbgnz92p2vZ5G08lm,1999,2006,8,7,PCT_COVER,agg,NA,gamma_var_rate,0.026130010646703294
L3-sgs-plants-catano.csv,1osf8W0yTs4gYjGBvbgnz92p2vZ5G08lm,1999,2006,8,7,PCT_COVER,agg,NA,alpha_var_rate,0.031432983241943255
L3-sgs-plants-catano.csv,1osf8W0yTs4gYjGBvbgnz92p2vZ5G08lm,1999,2006,8,7,PCT_COVER,com,h,gamma_var,0.19430467330274187
L3-sgs-plants-catano.csv,1osf8W0yTs4gYjGBvbgnz92p2vZ5G08lm,1999,2006,8,7,PCT_COVER,com,h,alpha_var,0.32461183882054523
L3-sgs-plants-catano.csv,1osf8W0yTs4gYjGBvbgnz92p2vZ5G08lm,1999,2006,8,7,PCT_COVER,com,h,phi_var,0.5985754370781254
L3-sgs-plants-catano.csv,1osf8W0yTs4gYjGBvbgnz92p2vZ5G08lm,1999,2006,8,7,PCT_COVER,com,h,gamma_var_rate,0.027757810471820268
L3-sgs-plants-catano.csv,1osf8W0yTs4gYjGBvbgnz92p2vZ5G08lm,1999,2006,8,7,PCT_COVER,com,h,alpha_var_rate,0.04637311983150646
L3-cap-birds-banville.csv,18fvkVN_x2DYCY7ssCSOGANgYjVCFUHZw,2001,2016,16,15,count,divpart_time_series,q_order_0,alpha_div_mean,9.0875
L3-cap-birds-banville.csv,18fvkVN_x2DYCY7ssCSOGANgYjVCFUHZw,2001,2016,16,15,count,divpart_time_series,q_order_0,alpha_div_cv,0.1583440521724067
L3-cap-birds-banville.csv,18fvkVN_x2DYCY7ssCSOGANgYjVCFUHZw,2001,2016,16,15,count,divpart_time_series,q_order_0,beta_div_mean,5.260764582959398
L3-cap-birds-banville.csv,18fvkVN_x2DYCY7ssCSOGANgYjVCFUHZw,2001,2016,16,15,count,divpart_time_series,q_order_0,beta_div_cv,0.0764959530468
L3-cap-birds-banville.csv,18fvkVN_x2DYCY7ssCSOGANgYjVCFUHZw,2001,2016,16,15,count,divpart_time_series,q_order_0,gamma_div_mean,47.5625
L3-cap-birds-banville.csv,18fvkVN_x2DYCY7ssCSOGANgYjVCFUHZw,2001,2016,16,15,count,divpart_time_series,q_order_0,gamma_div_cv,0.13987925022899297
L3-cap-birds-banville.csv,18fvkVN_x2DYCY7ssCSOGANgYjVCFUHZw,2001,2016,16,15,count,agg,NA,gamma_var,0.06308702524918741
L3-cap-birds-banville.csv,18fvkVN_x2DYCY7ssCSOGANgYjVCFUHZw,2001,2016,16,15,count,agg,NA,alpha_var,0.15313844831854134
L3-cap-birds-banville.csv,18fvkVN_x2DYCY7ssCSOGANgYjVCFUHZw,2001,2016,16,15,count,agg,NA,phi_var,0.41196071882588814
L3-cap-birds-banville.csv,18fvkVN_x2DYCY7ssCSOGANgYjVCFUHZw,2001,2016,16,15,count,agg,NA,gamma_var_rate,0.004205801683279161
L3-cap-birds-banville.csv,18fvkVN_x2DYCY7ssCSOGANgYjVCFUHZw,2001,2016,16,15,count,agg,NA,alpha_var_rate,0.010209229887902757
L3-cap-birds-banville.csv,18fvkVN_x2DYCY7ssCSOGANgYjVCFUHZw,2001,2016,16,15,count,com,h,gamma_var,0.05953365779433334
L3-cap-birds-banville.csv,18fvkVN_x2DYCY7ssCSOGANgYjVCFUHZw,2001,2016,16,15,count,com,h,alpha_var,0.32550036119503706
L3-cap-birds-banville.csv,18fvkVN_x2DYCY7ssCSOGANgYjVCFUHZw,2001,2016,16,15,count,com,h,phi_var,0.18289889933074843
L3-cap-birds-banville.csv,18fvkVN_x2DYCY7ssCSOGANgYjVCFUHZw,2001,2016,16,15,count,com,h,gamma_var_rate,0.003968910519622223
L3-cap-birds-banville.csv,18fvkVN_x2DYCY7ssCSOGANgYjVCFUHZw,2001,2016,16,15,count,com,h,alpha_var_rate,0.021700024079669138
L3-fce-fish-rehageWet.csv,19aoF1lPfeqh3kLFZkgTMqXp_DU025vJu,2011,2016,6,5,CPUE = (COUNT / DISTANCE (M))*100,divpart_time_series,q_order_0,alpha_div_mean,7.654761904761905
L3-fce-fish-rehageWet.csv,19aoF1lPfeqh3kLFZkgTMqXp_DU025vJu,2011,2016,6,5,CPUE = (COUNT / DISTANCE (M))*100,divpart_time_series,q_order_0,alpha_div_cv,0.13553366986342588
L3-fce-fish-rehageWet.csv,19aoF1lPfeqh3kLFZkgTMqXp_DU025vJu,2011,2016,6,5,CPUE = (COUNT / DISTANCE (M))*100,divpart_time_series,q_order_0,beta_div_mean,3.4134690127782314
L3-fce-fish-rehageWet.csv,19aoF1lPfeqh3kLFZkgTMqXp_DU025vJu,2011,2016,6,5,CPUE = (COUNT / DISTANCE (M))*100,divpart_time_series,q_order_0,beta_div_cv,0.18019800081659312
L3-fce-fish-rehageWet.csv,19aoF1lPfeqh3kLFZkgTMqXp_DU025vJu,2011,2016,6,5,CPUE = (COUNT / DISTANCE (M))*100,divpart_time_series,q_order_0,gamma_div_mean,25.833333333333336
L3-fce-fish-rehageWet.csv,19aoF1lPfeqh3kLFZkgTMqXp_DU025vJu,2011,2016,6,5,CPUE = (COUNT / DISTANCE (M))*100,divpart_time_series,q_order_0,gamma_div_cv,0.16858349688340193
L3-fce-fish-rehageWet.csv,19aoF1lPfeqh3kLFZkgTMqXp_DU025vJu,2011,2016,6,5,CPUE = (COUNT / DISTANCE (M))*100,agg,NA,gamma_var,0.06059575762747437
L3-fce-fish-rehageWet.csv,19aoF1lPfeqh3kLFZkgTMqXp_DU025vJu,2011,2016,6,5,CPUE = (COUNT / DISTANCE (M))*100,agg,NA,alpha_var,0.27990341744592095
L3-fce-fish-rehageWet.csv,19aoF1lPfeqh3kLFZkgTMqXp_DU025vJu,2011,2016,6,5,CPUE = (COUNT / DISTANCE (M))*100,agg,NA,phi_var,0.21648809500220498
L3-fce-fish-rehageWet.csv,19aoF1lPfeqh3kLFZkgTMqXp_DU025vJu,2011,2016,6,5,CPUE = (COUNT / DISTANCE (M))*100,agg,NA,gamma_var_rate,0.012119151525494875
L3-fce-fish-rehageWet.csv,19aoF1lPfeqh3kLFZkgTMqXp_DU025vJu,2011,2016,6,5,CPUE = (COUNT / DISTANCE (M))*100,agg,NA,alpha_var_rate,0.05598068348918419
L3-fce-fish-rehageWet.csv,19aoF1lPfeqh3kLFZkgTMqXp_DU025vJu,2011,2016,6,5,CPUE = (COUNT / DISTANCE (M))*100,com,h,gamma_var,0.1096260069478585
L3-fce-fish-rehageWet.csv,19aoF1lPfeqh3kLFZkgTMqXp_DU025vJu,2011,2016,6,5,CPUE = (COUNT / DISTANCE (M))*100,com,h,alpha_var,0.39919814347064464
L3-fce-fish-rehageWet.csv,19aoF1lPfeqh3kLFZkgTMqXp_DU025vJu,2011,2016,6,5,CPUE = (COUNT / DISTANCE (M))*100,com,h,phi_var,0.2746155229950861
L3-fce-fish-rehageWet.csv,19aoF1lPfeqh3kLFZkgTMqXp_DU025vJu,2011,2016,6,5,CPUE = (COUNT / DISTANCE (M))*100,com,h,gamma_var_rate,0.0219252013895717
L3-fce-fish-rehageWet.csv,19aoF1lPfeqh3kLFZkgTMqXp_DU025vJu,2011,2016,6,5,CPUE = (COUNT / DISTANCE (M))*100,com,h,alpha_var_rate,0.07983962869412893
L3-jrn-lizards-hope.csv,0B7o8j0RLpcxiYW10X1djMTBGM0U,1990,2005,16,15,count,divpart_time_series,q_order_0,alpha_div_mean,2.986111111111111
L3-jrn-lizards-hope.csv,0B7o8j0RLpcxiYW10X1djMTBGM0U,1990,2005,16,15,count,divpart_time_series,q_order_0,alpha_div_cv,0.17233170123772143
L3-jrn-lizards-hope.csv,0B7o8j0RLpcxiYW10X1djMTBGM0U,1990,2005,16,15,count,divpart_time_series,q_order_0,beta_div_mean,3.4112849897517914
L3-jrn-lizards-hope.csv,0B7o8j0RLpcxiYW10X1djMTBGM0U,1990,2005,16,15,count,divpart_time_series,q_order_0,beta_div_cv,0.12469024046894447
L3-jrn-lizards-hope.csv,0B7o8j0RLpcxiYW10X1djMTBGM0U,1990,2005,16,15,count,divpart_time_series,q_order_0,gamma_div_mean,10.125
L3-jrn-lizards-hope.csv,0B7o8j0RLpcxiYW10X1djMTBGM0U,1990,2005,16,15,count,divpart_time_series,q_order_0,gamma_div_cv,0.17248641181800475
L3-jrn-lizards-hope.csv,0B7o8j0RLpcxiYW10X1djMTBGM0U,1990,2005,16,15,count,agg,NA,gamma_var,0.11224085091040203
L3-jrn-lizards-hope.csv,0B7o8j0RLpcxiYW10X1djMTBGM0U,1990,2005,16,15,count,agg,NA,alpha_var,0.28670835821174273
L3-jrn-lizards-hope.csv,0B7o8j0RLpcxiYW10X1djMTBGM0U,1990,2005,16,15,count,agg,NA,phi_var,0.39148091674226254
L3-jrn-lizards-hope.csv,0B7o8j0RLpcxiYW10X1djMTBGM0U,1990,2005,16,15,count,agg,NA,gamma_var_rate,0.007482723394026803
L3-jrn-lizards-hope.csv,0B7o8j0RLpcxiYW10X1djMTBGM0U,1990,2005,16,15,count,agg,NA,alpha_var_rate,0.019113890547449514
L3-jrn-lizards-hope.csv,0B7o8j0RLpcxiYW10X1djMTBGM0U,1990,2005,16,15,count,com,h,gamma_var,0.09664923904197867
L3-jrn-lizards-hope.csv,0B7o8j0RLpcxiYW10X1djMTBGM0U,1990,2005,16,15,count,com,h,alpha_var,0.2238102946233452
L3-jrn-lizards-hope.csv,0B7o8j0RLpcxiYW10X1djMTBGM0U,1990,2005,16,15,count,com,h,phi_var,0.43183553823845144
L3-jrn-lizards-hope.csv,0B7o8j0RLpcxiYW10X1djMTBGM0U,1990,2005,16,15,count,com,h,gamma_var_rate,0.006443282602798578
L3-jrn-lizards-hope.csv,0B7o8j0RLpcxiYW10X1djMTBGM0U,1990,2005,16,15,count,com,h,alpha_var_rate,0.014920686308223014
L3-and-plants-mtStHelens.csv,18fEHgvT0mcHuiLY1H3h-bOl41wVEcL5S,1989,2009,21,20,PERCENT_COVER,divpart_time_series,q_order_0,alpha_div_mean,16.895833333333332
L3-and-plants-mtStHelens.csv,18fEHgvT0mcHuiLY1H3h-bOl41wVEcL5S,1989,2009,21,20,PERCENT_COVER,divpart_time_series,q_order_0,alpha_div_cv,0.2243030235025483
L3-and-plants-mtStHelens.csv,18fEHgvT0mcHuiLY1H3h-bOl41wVEcL5S,1989,2009,21,20,PERCENT_COVER,divpart_time_series,q_order_0,beta_div_mean,1.704356682630848
L3-and-plants-mtStHelens.csv,18fEHgvT0mcHuiLY1H3h-bOl41wVEcL5S,1989,2009,21,20,PERCENT_COVER,divpart_time_series,q_order_0,beta_div_cv,0.12949010515964185
L3-and-plants-mtStHelens.csv,18fEHgvT0mcHuiLY1H3h-bOl41wVEcL5S,1989,2009,21,20,PERCENT_COVER,divpart_time_series,q_order_0,gamma_div_mean,27.476190476190478
L3-and-plants-mtStHelens.csv,18fEHgvT0mcHuiLY1H3h-bOl41wVEcL5S,1989,2009,21,20,PERCENT_COVER,divpart_time_series,q_order_0,gamma_div_cv,0.21147398627835126
L3-and-plants-mtStHelens.csv,18fEHgvT0mcHuiLY1H3h-bOl41wVEcL5S,1989,2009,21,20,PERCENT_COVER,agg,NA,gamma_var,0.8994642903095809
L3-and-plants-mtStHelens.csv,18fEHgvT0mcHuiLY1H3h-bOl41wVEcL5S,1989,2009,21,20,PERCENT_COVER,agg,NA,alpha_var,0.9793335442439814
L3-and-plants-mtStHelens.csv,18fEHgvT0mcHuiLY1H3h-bOl41wVEcL5S,1989,2009,21,20,PERCENT_COVER,agg,NA,phi_var,0.9184452994550928
L3-and-plants-mtStHelens.csv,18fEHgvT0mcHuiLY1H3h-bOl41wVEcL5S,1989,2009,21,20,PERCENT_COVER,agg,NA,gamma_var_rate,0.044973214515479046
L3-and-plants-mtStHelens.csv,18fEHgvT0mcHuiLY1H3h-bOl41wVEcL5S,1989,2009,21,20,PERCENT_COVER,agg,NA,alpha_var_rate,0.04896667721219907
L3-and-plants-mtStHelens.csv,18fEHgvT0mcHuiLY1H3h-bOl41wVEcL5S,1989,2009,21,20,PERCENT_COVER,com,h,gamma_var,0.206861351595028
L3-and-plants-mtStHelens.csv,18fEHgvT0mcHuiLY1H3h-bOl41wVEcL5S,1989,2009,21,20,PERCENT_COVER,com,h,alpha_var,0.34347311402704866
L3-and-plants-mtStHelens.csv,18fEHgvT0mcHuiLY1H3h-bOl41wVEcL5S,1989,2009,21,20,PERCENT_COVER,com,h,phi_var,0.6022635925405724
L3-and-plants-mtStHelens.csv,18fEHgvT0mcHuiLY1H3h-bOl41wVEcL5S,1989,2009,21,20,PERCENT_COVER,com,h,gamma_var_rate,0.0103430675797514
L3-and-plants-mtStHelens.csv,18fEHgvT0mcHuiLY1H3h-bOl41wVEcL5S,1989,2009,21,20,PERCENT_COVER,com,h,alpha_var_rate,0.017173655701352434
L3-fce-diatoms-catano.csv,1twY-ZsfAkgQDzxXBhbn074O7lDks2KCT,2005,2011,7,6,PERCENT,divpart_time_series,q_order_0,alpha_div_mean,14.766666666666666
L3-fce-diatoms-catano.csv,1twY-ZsfAkgQDzxXBhbn074O7lDks2KCT,2005,2011,7,6,PERCENT,divpart_time_series,q_order_0,alpha_div_cv,0.07150211598618268
L3-fce-diatoms-catano.csv,1twY-ZsfAkgQDzxXBhbn074O7lDks2KCT,2005,2011,7,6,PERCENT,divpart_time_series,q_order_0,beta_div_mean,4.767292326527648
L3-fce-diatoms-catano.csv,1twY-ZsfAkgQDzxXBhbn074O7lDks2KCT,2005,2011,7,6,PERCENT,divpart_time_series,q_order_0,beta_div_cv,0.14258946860468152
L3-fce-diatoms-catano.csv,1twY-ZsfAkgQDzxXBhbn074O7lDks2KCT,2005,2011,7,6,PERCENT,divpart_time_series,q_order_0,gamma_div_mean,70.85714285714286
L3-fce-diatoms-catano.csv,1twY-ZsfAkgQDzxXBhbn074O7lDks2KCT,2005,2011,7,6,PERCENT,divpart_time_series,q_order_0,gamma_div_cv,0.19782051491717217
L3-fce-diatoms-catano.csv,1twY-ZsfAkgQDzxXBhbn074O7lDks2KCT,2005,2011,7,6,PERCENT,agg,NA,gamma_var,4.9001555712377584e-5
L3-fce-diatoms-catano.csv,1twY-ZsfAkgQDzxXBhbn074O7lDks2KCT,2005,2011,7,6,PERCENT,agg,NA,alpha_var,7.746463437261323e-5
L3-fce-diatoms-catano.csv,1twY-ZsfAkgQDzxXBhbn074O7lDks2KCT,2005,2011,7,6,PERCENT,agg,NA,phi_var,0.6325667978586825
L3-fce-diatoms-catano.csv,1twY-ZsfAkgQDzxXBhbn074O7lDks2KCT,2005,2011,7,6,PERCENT,agg,NA,gamma_var_rate,8.16692595206293e-6
L3-fce-diatoms-catano.csv,1twY-ZsfAkgQDzxXBhbn074O7lDks2KCT,2005,2011,7,6,PERCENT,agg,NA,alpha_var_rate,1.2910772395435538e-5
L3-fce-diatoms-catano.csv,1twY-ZsfAkgQDzxXBhbn074O7lDks2KCT,2005,2011,7,6,PERCENT,com,h,gamma_var,0.04876614681859185
L3-fce-diatoms-catano.csv,1twY-ZsfAkgQDzxXBhbn074O7lDks2KCT,2005,2011,7,6,PERCENT,com,h,alpha_var,0.15871236488163726
L3-fce-diatoms-catano.csv,1twY-ZsfAkgQDzxXBhbn074O7lDks2KCT,2005,2011,7,6,PERCENT,com,h,phi_var,0.3072611693169598
L3-fce-diatoms-catano.csv,1twY-ZsfAkgQDzxXBhbn074O7lDks2KCT,2005,2011,7,6,PERCENT,com,h,gamma_var_rate,0.008127691136431974
L3-fce-diatoms-catano.csv,1twY-ZsfAkgQDzxXBhbn074O7lDks2KCT,2005,2011,7,6,PERCENT,com,h,alpha_var_rate,0.02645206081360621
L3-bes-birds-nilon.csv,1ozkicOn1NPNcpe-s_-6WK8YtgqqmmTQV,2005,2009,5,4,count,divpart_time_series,q_order_0,alpha_div_mean,2.053846153846154
L3-bes-birds-nilon.csv,1ozkicOn1NPNcpe-s_-6WK8YtgqqmmTQV,2005,2009,5,4,count,divpart_time_series,q_order_0,alpha_div_cv,0.14943186604798187
L3-bes-birds-nilon.csv,1ozkicOn1NPNcpe-s_-6WK8YtgqqmmTQV,2005,2009,5,4,count,divpart_time_series,q_order_0,beta_div_mean,5.2309208846927175
L3-bes-birds-nilon.csv,1ozkicOn1NPNcpe-s_-6WK8YtgqqmmTQV,2005,2009,5,4,count,divpart_time_series,q_order_0,beta_div_cv,0.16470909523009947
L3-bes-birds-nilon.csv,1ozkicOn1NPNcpe-s_-6WK8YtgqqmmTQV,2005,2009,5,4,count,divpart_time_series,q_order_0,gamma_div_mean,10.8
L3-bes-birds-nilon.csv,1ozkicOn1NPNcpe-s_-6WK8YtgqqmmTQV,2005,2009,5,4,count,divpart_time_series,q_order_0,gamma_div_cv,0.2569340171391038
L3-bes-birds-nilon.csv,1ozkicOn1NPNcpe-s_-6WK8YtgqqmmTQV,2005,2009,5,4,count,agg,NA,gamma_var,0.03172328681464544
L3-bes-birds-nilon.csv,1ozkicOn1NPNcpe-s_-6WK8YtgqqmmTQV,2005,2009,5,4,count,agg,NA,alpha_var,0.44654728215994566
L3-bes-birds-nilon.csv,1ozkicOn1NPNcpe-s_-6WK8YtgqqmmTQV,2005,2009,5,4,count,agg,NA,phi_var,0.07104127173543673
L3-bes-birds-nilon.csv,1ozkicOn1NPNcpe-s_-6WK8YtgqqmmTQV,2005,2009,5,4,count,agg,NA,gamma_var_rate,0.00793082170366136
L3-bes-birds-nilon.csv,1ozkicOn1NPNcpe-s_-6WK8YtgqqmmTQV,2005,2009,5,4,count,agg,NA,alpha_var_rate,0.11163682053998641
L3-bes-birds-nilon.csv,1ozkicOn1NPNcpe-s_-6WK8YtgqqmmTQV,2005,2009,5,4,count,com,h,gamma_var,0.03355614178018998
L3-bes-birds-nilon.csv,1ozkicOn1NPNcpe-s_-6WK8YtgqqmmTQV,2005,2009,5,4,count,com,h,alpha_var,0.39339394178046927
L3-bes-birds-nilon.csv,1ozkicOn1NPNcpe-s_-6WK8YtgqqmmTQV,2005,2009,5,4,count,com,h,phi_var,0.08529908119153433
L3-bes-birds-nilon.csv,1ozkicOn1NPNcpe-s_-6WK8YtgqqmmTQV,2005,2009,5,4,count,com,h,gamma_var_rate,0.008389035445047495
L3-bes-birds-nilon.csv,1ozkicOn1NPNcpe-s_-6WK8YtgqqmmTQV,2005,2009,5,4,count,com,h,alpha_var_rate,0.09834848544511732
L3-fce-fish-rehageDry.csv,19_8JhIAxcaBw69OShxlkDfF3i0Ml97GJ,2006,2017,11,11,CPUE = (COUNT / DISTANCE (M))*100,divpart_time_series,q_order_0,alpha_div_mean,9.65
L3-fce-fish-rehageDry.csv,19_8JhIAxcaBw69OShxlkDfF3i0Ml97GJ,2006,2017,11,11,CPUE = (COUNT / DISTANCE (M))*100,divpart_time_series,q_order_0,alpha_div_cv,0.15898848321747916
L3-fce-fish-rehageDry.csv,19_8JhIAxcaBw69OShxlkDfF3i0Ml97GJ,2006,2017,11,11,CPUE = (COUNT / DISTANCE (M))*100,divpart_time_series,q_order_0,beta_div_mean,2.4937061839005974
L3-fce-fish-rehageDry.csv,19_8JhIAxcaBw69OShxlkDfF3i0Ml97GJ,2006,2017,11,11,CPUE = (COUNT / DISTANCE (M))*100,divpart_time_series,q_order_0,beta_div_cv,0.13380023281831865
L3-fce-fish-rehageDry.csv,19_8JhIAxcaBw69OShxlkDfF3i0Ml97GJ,2006,2017,11,11,CPUE = (COUNT / DISTANCE (M))*100,divpart_time_series,q_order_0,gamma_div_mean,23.545454545454543
L3-fce-fish-rehageDry.csv,19_8JhIAxcaBw69OShxlkDfF3i0Ml97GJ,2006,2017,11,11,CPUE = (COUNT / DISTANCE (M))*100,divpart_time_series,q_order_0,gamma_div_cv,0.14132539977483627
L3-fce-fish-rehageDry.csv,19_8JhIAxcaBw69OShxlkDfF3i0Ml97GJ,2006,2017,11,11,CPUE = (COUNT / DISTANCE (M))*100,agg,NA,gamma_var,0.2887049424367909
L3-fce-fish-rehageDry.csv,19_8JhIAxcaBw69OShxlkDfF3i0Ml97GJ,2006,2017,11,11,CPUE = (COUNT / DISTANCE (M))*100,agg,NA,alpha_var,0.5360723390948506
L3-fce-fish-rehageDry.csv,19_8JhIAxcaBw69OShxlkDfF3i0Ml97GJ,2006,2017,11,11,CPUE = (COUNT / DISTANCE (M))*100,agg,NA,phi_var,0.5385559399021864
L3-fce-fish-rehageDry.csv,19_8JhIAxcaBw69OShxlkDfF3i0Ml97GJ,2006,2017,11,11,CPUE = (COUNT / DISTANCE (M))*100,agg,NA,gamma_var_rate,0.026245903857890083
L3-fce-fish-rehageDry.csv,19_8JhIAxcaBw69OShxlkDfF3i0Ml97GJ,2006,2017,11,11,CPUE = (COUNT / DISTANCE (M))*100,agg,NA,alpha_var_rate,0.048733849008622786
L3-fce-fish-rehageDry.csv,19_8JhIAxcaBw69OShxlkDfF3i0Ml97GJ,2006,2017,11,11,CPUE = (COUNT / DISTANCE (M))*100,com,h,gamma_var,0.17696851807751912
L3-fce-fish-rehageDry.csv,19_8JhIAxcaBw69OShxlkDfF3i0Ml97GJ,2006,2017,11,11,CPUE = (COUNT / DISTANCE (M))*100,com,h,alpha_var,0.3462735207133369
L3-fce-fish-rehageDry.csv,19_8JhIAxcaBw69OShxlkDfF3i0Ml97GJ,2006,2017,11,11,CPUE = (COUNT / DISTANCE (M))*100,com,h,phi_var,0.5110656966000666
L3-fce-fish-rehageDry.csv,19_8JhIAxcaBw69OShxlkDfF3i0Ml97GJ,2006,2017,11,11,CPUE = (COUNT / DISTANCE (M))*100,com,h,gamma_var_rate,0.016088047097956283
L3-fce-fish-rehageDry.csv,19_8JhIAxcaBw69OShxlkDfF3i0Ml97GJ,2006,2017,11,11,CPUE = (COUNT / DISTANCE (M))*100,com,h,alpha_var_rate,0.03147941097393972
L3-cap-herps-banville.csv,19Gu7nuSiUmIKUyP2qz0x9MBKMmOJxbFV,2013,2017,5,4,count,divpart_time_series,q_order_0,alpha_div_mean,3.6
L3-cap-herps-banville.csv,19Gu7nuSiUmIKUyP2qz0x9MBKMmOJxbFV,2013,2017,5,4,count,divpart_time_series,q_order_0,alpha_div_cv,0.12980497804600097
L3-cap-herps-banville.csv,19Gu7nuSiUmIKUyP2qz0x9MBKMmOJxbFV,2013,2017,5,4,count,divpart_time_series,q_order_0,beta_div_mean,2.4840000000000004
L3-cap-herps-banville.csv,19Gu7nuSiUmIKUyP2qz0x9MBKMmOJxbFV,2013,2017,5,4,count,divpart_time_series,q_order_0,beta_div_cv,0.10046683257529192
L3-cap-herps-banville.csv,19Gu7nuSiUmIKUyP2qz0x9MBKMmOJxbFV,2013,2017,5,4,count,divpart_time_series,q_order_0,gamma_div_mean,9.000000000000002
L3-cap-herps-banville.csv,19Gu7nuSiUmIKUyP2qz0x9MBKMmOJxbFV,2013,2017,5,4,count,divpart_time_series,q_order_0,gamma_div_cv,0.19245008972987532
L3-cap-herps-banville.csv,19Gu7nuSiUmIKUyP2qz0x9MBKMmOJxbFV,2013,2017,5,4,count,agg,NA,gamma_var,0.10304902646494601
L3-cap-herps-banville.csv,19Gu7nuSiUmIKUyP2qz0x9MBKMmOJxbFV,2013,2017,5,4,count,agg,NA,alpha_var,0.14753264935387103
L3-cap-herps-banville.csv,19Gu7nuSiUmIKUyP2qz0x9MBKMmOJxbFV,2013,2017,5,4,count,agg,NA,phi_var,0.6984828572946803
L3-cap-herps-banville.csv,19Gu7nuSiUmIKUyP2qz0x9MBKMmOJxbFV,2013,2017,5,4,count,agg,NA,gamma_var_rate,0.025762256616236504
L3-cap-herps-banville.csv,19Gu7nuSiUmIKUyP2qz0x9MBKMmOJxbFV,2013,2017,5,4,count,agg,NA,alpha_var_rate,0.03688316233846776
L3-cap-herps-banville.csv,19Gu7nuSiUmIKUyP2qz0x9MBKMmOJxbFV,2013,2017,5,4,count,com,h,gamma_var,0.0506801593328372
L3-cap-herps-banville.csv,19Gu7nuSiUmIKUyP2qz0x9MBKMmOJxbFV,2013,2017,5,4,count,com,h,alpha_var,0.09570494926718151
L3-cap-herps-banville.csv,19Gu7nuSiUmIKUyP2qz0x9MBKMmOJxbFV,2013,2017,5,4,count,com,h,phi_var,0.5295458565194192
L3-cap-herps-banville.csv,19Gu7nuSiUmIKUyP2qz0x9MBKMmOJxbFV,2013,2017,5,4,count,com,h,gamma_var_rate,0.0126700398332093
L3-cap-herps-banville.csv,19Gu7nuSiUmIKUyP2qz0x9MBKMmOJxbFV,2013,2017,5,4,count,com,h,alpha_var_rate,0.023926237316795378
