dataset_file_name,start_year,end_year,n_years_observed,study_duration,organism_count_type,variability_type,standardization_method,metric,metric_value
L3-and-birds-wisnoski.csv,2009,2013,5,4,count,divpart_time_series,q_order_2,alpha_div_mean,9.746681850369406
L3-and-birds-wisnoski.csv,2009,2013,5,4,count,divpart_time_series,q_order_2,alpha_div_cv,0.11312474544361847
L3-and-birds-wisnoski.csv,2009,2013,5,4,count,divpart_time_series,q_order_2,beta_div_mean,1.9488034976770996
L3-and-birds-wisnoski.csv,2009,2013,5,4,count,divpart_time_series,q_order_2,beta_div_cv,0.04871476619022914
L3-and-birds-wisnoski.csv,2009,2013,5,4,count,divpart_time_series,q_order_2,gamma_div_mean,18.931649138080772
L3-and-birds-wisnoski.csv,2009,2013,5,4,count,divpart_time_series,q_order_2,gamma_div_cv,0.08454613755208625
L3-and-birds-wisnoski.csv,2009,2013,5,4,count,agg,NA,gamma_var,0.016797280520625655
L3-and-birds-wisnoski.csv,2009,2013,5,4,count,agg,NA,alpha_var,0.04911594785234959
L3-and-birds-wisnoski.csv,2009,2013,5,4,count,agg,NA,phi_var,0.34199239259559794
L3-and-birds-wisnoski.csv,2009,2013,5,4,count,agg,NA,gamma_var_rate,0.004199320130156414
L3-and-birds-wisnoski.csv,2009,2013,5,4,count,agg,NA,alpha_var_rate,0.012278986963087397
L3-and-birds-wisnoski.csv,2009,2013,5,4,count,com,h,gamma_var,0.035378781069848986
L3-and-birds-wisnoski.csv,2009,2013,5,4,count,com,h,alpha_var,0.38335579629331507
L3-and-birds-wisnoski.csv,2009,2013,5,4,count,com,h,phi_var,0.09228706442403652
L3-and-birds-wisnoski.csv,2009,2013,5,4,count,com,h,gamma_var_rate,0.008844695267462246
L3-and-birds-wisnoski.csv,2009,2013,5,4,count,com,h,alpha_var_rate,0.09583894907332877
L3-and-plants-mtStHelens.csv,1989,2009,21,20,PERCENT_COVER,divpart_time_series,q_order_2,alpha_div_mean,6.881784425283998
L3-and-plants-mtStHelens.csv,1989,2009,21,20,PERCENT_COVER,divpart_time_series,q_order_2,alpha_div_cv,0.36143247650571647
L3-and-plants-mtStHelens.csv,1989,2009,21,20,PERCENT_COVER,divpart_time_series,q_order_2,beta_div_mean,1.1781400018477501
L3-and-plants-mtStHelens.csv,1989,2009,21,20,PERCENT_COVER,divpart_time_series,q_order_2,beta_div_cv,0.24067426368972913
L3-and-plants-mtStHelens.csv,1989,2009,21,20,PERCENT_COVER,divpart_time_series,q_order_2,gamma_div_mean,8.489298062490407
L3-and-plants-mtStHelens.csv,1989,2009,21,20,PERCENT_COVER,divpart_time_series,q_order_2,gamma_div_cv,0.4516334816282442
L3-and-plants-mtStHelens.csv,1989,2009,21,20,PERCENT_COVER,agg,NA,gamma_var,0.8994642903095809
L3-and-plants-mtStHelens.csv,1989,2009,21,20,PERCENT_COVER,agg,NA,alpha_var,0.9793335442439814
L3-and-plants-mtStHelens.csv,1989,2009,21,20,PERCENT_COVER,agg,NA,phi_var,0.9184452994550928
L3-and-plants-mtStHelens.csv,1989,2009,21,20,PERCENT_COVER,agg,NA,gamma_var_rate,0.044973214515479046
L3-and-plants-mtStHelens.csv,1989,2009,21,20,PERCENT_COVER,agg,NA,alpha_var_rate,0.04896667721219907
L3-and-plants-mtStHelens.csv,1989,2009,21,20,PERCENT_COVER,com,h,gamma_var,0.206861351595028
L3-and-plants-mtStHelens.csv,1989,2009,21,20,PERCENT_COVER,com,h,alpha_var,0.34347311402704866
L3-and-plants-mtStHelens.csv,1989,2009,21,20,PERCENT_COVER,com,h,phi_var,0.6022635925405724
L3-and-plants-mtStHelens.csv,1989,2009,21,20,PERCENT_COVER,com,h,gamma_var_rate,0.0103430675797514
L3-and-plants-mtStHelens.csv,1989,2009,21,20,PERCENT_COVER,com,h,alpha_var_rate,0.017173655701352434
L3-bes-birds-nilon.csv,2005,2009,5,4,count,divpart_time_series,q_order_2,alpha_div_mean,1.7974156754260748
L3-bes-birds-nilon.csv,2005,2009,5,4,count,divpart_time_series,q_order_2,alpha_div_cv,0.14190337560620098
L3-bes-birds-nilon.csv,2005,2009,5,4,count,divpart_time_series,q_order_2,beta_div_mean,2.3040042153012013
L3-bes-birds-nilon.csv,2005,2009,5,4,count,divpart_time_series,q_order_2,beta_div_cv,0.0735890719236777
L3-bes-birds-nilon.csv,2005,2009,5,4,count,divpart_time_series,q_order_2,gamma_div_mean,4.113372343970286
L3-bes-birds-nilon.csv,2005,2009,5,4,count,divpart_time_series,q_order_2,gamma_div_cv,0.08846134797217685
L3-bes-birds-nilon.csv,2005,2009,5,4,count,agg,NA,gamma_var,0.03172328681464544
L3-bes-birds-nilon.csv,2005,2009,5,4,count,agg,NA,alpha_var,0.44654728215994566
L3-bes-birds-nilon.csv,2005,2009,5,4,count,agg,NA,phi_var,0.07104127173543673
L3-bes-birds-nilon.csv,2005,2009,5,4,count,agg,NA,gamma_var_rate,0.00793082170366136
L3-bes-birds-nilon.csv,2005,2009,5,4,count,agg,NA,alpha_var_rate,0.11163682053998641
L3-bes-birds-nilon.csv,2005,2009,5,4,count,com,h,gamma_var,0.03355614178018998
L3-bes-birds-nilon.csv,2005,2009,5,4,count,com,h,alpha_var,0.39339394178046927
L3-bes-birds-nilon.csv,2005,2009,5,4,count,com,h,phi_var,0.08529908119153433
L3-bes-birds-nilon.csv,2005,2009,5,4,count,com,h,gamma_var_rate,0.008389035445047495
L3-bes-birds-nilon.csv,2005,2009,5,4,count,com,h,alpha_var_rate,0.09834848544511732
L3-cap-birds-banville.csv,2001,2016,16,15,count,divpart_time_series,q_order_2,alpha_div_mean,5.598411940974027
L3-cap-birds-banville.csv,2001,2016,16,15,count,divpart_time_series,q_order_2,alpha_div_cv,0.09756461904918907
L3-cap-birds-banville.csv,2001,2016,16,15,count,divpart_time_series,q_order_2,beta_div_mean,2.1753767074616897
L3-cap-birds-banville.csv,2001,2016,16,15,count,divpart_time_series,q_order_2,beta_div_cv,0.21015420757239398
L3-cap-birds-banville.csv,2001,2016,16,15,count,divpart_time_series,q_order_2,gamma_div_mean,12.14784997548613
L3-cap-birds-banville.csv,2001,2016,16,15,count,divpart_time_series,q_order_2,gamma_div_cv,0.2262420573554333
L3-cap-birds-banville.csv,2001,2016,16,15,count,agg,NA,gamma_var,0.12920194672823007
L3-cap-birds-banville.csv,2001,2016,16,15,count,agg,NA,alpha_var,0.34938680373926817
L3-cap-birds-banville.csv,2001,2016,16,15,count,agg,NA,phi_var,0.3697962983875251
L3-cap-birds-banville.csv,2001,2016,16,15,count,agg,NA,gamma_var_rate,0.008613463115215337
L3-cap-birds-banville.csv,2001,2016,16,15,count,agg,NA,alpha_var_rate,0.02329245358261788
L3-cap-birds-banville.csv,2001,2016,16,15,count,com,h,gamma_var,0.09055802356254272
L3-cap-birds-banville.csv,2001,2016,16,15,count,com,h,alpha_var,0.3629583721808287
L3-cap-birds-banville.csv,2001,2016,16,15,count,com,h,phi_var,0.249499751220578
L3-cap-birds-banville.csv,2001,2016,16,15,count,com,h,gamma_var_rate,0.006037201570836181
L3-cap-birds-banville.csv,2001,2016,16,15,count,com,h,alpha_var_rate,0.02419722481205525
L3-cap-herps-banville.csv,2013,2017,5,4,count,divpart_time_series,q_order_2,alpha_div_mean,2.0478523005222966
L3-cap-herps-banville.csv,2013,2017,5,4,count,divpart_time_series,q_order_2,alpha_div_cv,0.05482278056495158
L3-cap-herps-banville.csv,2013,2017,5,4,count,divpart_time_series,q_order_2,beta_div_mean,1.1022739609132977
L3-cap-herps-banville.csv,2013,2017,5,4,count,divpart_time_series,q_order_2,beta_div_cv,0.09254988631914318
L3-cap-herps-banville.csv,2013,2017,5,4,count,divpart_time_series,q_order_2,gamma_div_mean,2.2546510846827004
L3-cap-herps-banville.csv,2013,2017,5,4,count,divpart_time_series,q_order_2,gamma_div_cv,0.09113029921286386
L3-cap-herps-banville.csv,2013,2017,5,4,count,agg,NA,gamma_var,0.13878224961647875
L3-cap-herps-banville.csv,2013,2017,5,4,count,agg,NA,alpha_var,0.18215055165777327
L3-cap-herps-banville.csv,2013,2017,5,4,count,agg,NA,phi_var,0.7619095761907138
L3-cap-herps-banville.csv,2013,2017,5,4,count,agg,NA,gamma_var_rate,0.03469556240411969
L3-cap-herps-banville.csv,2013,2017,5,4,count,agg,NA,alpha_var_rate,0.04553763791444332
L3-cap-herps-banville.csv,2013,2017,5,4,count,com,h,gamma_var,0.04869351406778538
L3-cap-herps-banville.csv,2013,2017,5,4,count,com,h,alpha_var,0.09423019716590242
L3-cap-herps-banville.csv,2013,2017,5,4,count,com,h,phi_var,0.516750633367085
L3-cap-herps-banville.csv,2013,2017,5,4,count,com,h,gamma_var_rate,0.012173378516946345
L3-cap-herps-banville.csv,2013,2017,5,4,count,com,h,alpha_var_rate,0.023557549291475605
L3-cdr-grasshopper-compagnoni.csv,1989,2006,18,17,COUNT (monthly sum),divpart_time_series,q_order_2,alpha_div_mean,3.9322244873456595
L3-cdr-grasshopper-compagnoni.csv,1989,2006,18,17,COUNT (monthly sum),divpart_time_series,q_order_2,alpha_div_cv,0.21746716998303176
L3-cdr-grasshopper-compagnoni.csv,1989,2006,18,17,COUNT (monthly sum),divpart_time_series,q_order_2,beta_div_mean,1.2766478777901653
L3-cdr-grasshopper-compagnoni.csv,1989,2006,18,17,COUNT (monthly sum),divpart_time_series,q_order_2,beta_div_cv,0.15790186405832923
L3-cdr-grasshopper-compagnoni.csv,1989,2006,18,17,COUNT (monthly sum),divpart_time_series,q_order_2,gamma_div_mean,5.066289161421397
L3-cdr-grasshopper-compagnoni.csv,1989,2006,18,17,COUNT (monthly sum),divpart_time_series,q_order_2,gamma_div_cv,0.29384058754330483
L3-cdr-grasshopper-compagnoni.csv,1989,2006,18,17,COUNT (monthly sum),agg,NA,gamma_var,0.3816088401560951
L3-cdr-grasshopper-compagnoni.csv,1989,2006,18,17,COUNT (monthly sum),agg,NA,alpha_var,0.6259349220938164
L3-cdr-grasshopper-compagnoni.csv,1989,2006,18,17,COUNT (monthly sum),agg,NA,phi_var,0.6096621656442724
L3-cdr-grasshopper-compagnoni.csv,1989,2006,18,17,COUNT (monthly sum),agg,NA,gamma_var_rate,0.022447578832711475
L3-cdr-grasshopper-compagnoni.csv,1989,2006,18,17,COUNT (monthly sum),agg,NA,alpha_var_rate,0.03681970129963626
L3-cdr-grasshopper-compagnoni.csv,1989,2006,18,17,COUNT (monthly sum),com,h,gamma_var,0.13770141702454855
L3-cdr-grasshopper-compagnoni.csv,1989,2006,18,17,COUNT (monthly sum),com,h,alpha_var,0.24532176891432636
L3-cdr-grasshopper-compagnoni.csv,1989,2006,18,17,COUNT (monthly sum),com,h,phi_var,0.5613094085940574
L3-cdr-grasshopper-compagnoni.csv,1989,2006,18,17,COUNT (monthly sum),com,h,gamma_var_rate,0.00810008335438521
L3-cdr-grasshopper-compagnoni.csv,1989,2006,18,17,COUNT (monthly sum),com,h,alpha_var_rate,0.01443069228907802
L3-cdr-plantsABC-compagnoni.csv,1982,2004,23,22,BIOMASS,divpart_time_series,q_order_2,alpha_div_mean,2.6569191413178164
L3-cdr-plantsABC-compagnoni.csv,1982,2004,23,22,BIOMASS,divpart_time_series,q_order_2,alpha_div_cv,0.15057875908689558
L3-cdr-plantsABC-compagnoni.csv,1982,2004,23,22,BIOMASS,divpart_time_series,q_order_2,beta_div_mean,1.6966924485222559
L3-cdr-plantsABC-compagnoni.csv,1982,2004,23,22,BIOMASS,divpart_time_series,q_order_2,beta_div_cv,0.1634847830701997
L3-cdr-plantsABC-compagnoni.csv,1982,2004,23,22,BIOMASS,divpart_time_series,q_order_2,gamma_div_mean,4.494127606857717
L3-cdr-plantsABC-compagnoni.csv,1982,2004,23,22,BIOMASS,divpart_time_series,q_order_2,gamma_div_cv,0.1992457793796561
L3-cdr-plantsABC-compagnoni.csv,1982,2004,23,22,BIOMASS,agg,NA,gamma_var,0.04243182326884542
L3-cdr-plantsABC-compagnoni.csv,1982,2004,23,22,BIOMASS,agg,NA,alpha_var,0.15028730409916263
L3-cdr-plantsABC-compagnoni.csv,1982,2004,23,22,BIOMASS,agg,NA,phi_var,0.28233804261235557
L3-cdr-plantsABC-compagnoni.csv,1982,2004,23,22,BIOMASS,agg,NA,gamma_var_rate,0.0019287192394929736
L3-cdr-plantsABC-compagnoni.csv,1982,2004,23,22,BIOMASS,agg,NA,alpha_var_rate,0.006831241095416483
L3-cdr-plantsABC-compagnoni.csv,1982,2004,23,22,BIOMASS,com,h,gamma_var,0.1313412663921345
L3-cdr-plantsABC-compagnoni.csv,1982,2004,23,22,BIOMASS,com,h,alpha_var,0.2581773191203632
L3-cdr-plantsABC-compagnoni.csv,1982,2004,23,22,BIOMASS,com,h,phi_var,0.5087250376587215
L3-cdr-plantsABC-compagnoni.csv,1982,2004,23,22,BIOMASS,com,h,gamma_var_rate,0.005970057563278841
L3-cdr-plantsABC-compagnoni.csv,1982,2004,23,22,BIOMASS,com,h,alpha_var_rate,0.011735332687289235
L3-cdr-plantsD-compagnoni.csv,1982,2004,23,22,BIOMASS,divpart_time_series,q_order_2,alpha_div_mean,4.727518761116971
L3-cdr-plantsD-compagnoni.csv,1982,2004,23,22,BIOMASS,divpart_time_series,q_order_2,alpha_div_cv,0.16028414615916872
L3-cdr-plantsD-compagnoni.csv,1982,2004,23,22,BIOMASS,divpart_time_series,q_order_2,beta_div_mean,1.8839296596294557
L3-cdr-plantsD-compagnoni.csv,1982,2004,23,22,BIOMASS,divpart_time_series,q_order_2,beta_div_cv,0.22443541873358688
L3-cdr-plantsD-compagnoni.csv,1982,2004,23,22,BIOMASS,divpart_time_series,q_order_2,gamma_div_mean,8.821166108023407
L3-cdr-plantsD-compagnoni.csv,1982,2004,23,22,BIOMASS,divpart_time_series,q_order_2,gamma_div_cv,0.22368529691470962
L3-cdr-plantsD-compagnoni.csv,1982,2004,23,22,BIOMASS,agg,NA,gamma_var,0.1268579650641237
L3-cdr-plantsD-compagnoni.csv,1982,2004,23,22,BIOMASS,agg,NA,alpha_var,0.257742622195454
L3-cdr-plantsD-compagnoni.csv,1982,2004,23,22,BIOMASS,agg,NA,phi_var,0.4921885405818657
L3-cdr-plantsD-compagnoni.csv,1982,2004,23,22,BIOMASS,agg,NA,gamma_var_rate,0.00576627113927835
L3-cdr-plantsD-compagnoni.csv,1982,2004,23,22,BIOMASS,agg,NA,alpha_var_rate,0.011715573736157002
L3-cdr-plantsD-compagnoni.csv,1982,2004,23,22,BIOMASS,com,h,gamma_var,0.3164161039577933
L3-cdr-plantsD-compagnoni.csv,1982,2004,23,22,BIOMASS,com,h,alpha_var,0.45000821909573757
L3-cdr-plantsD-compagnoni.csv,1982,2004,23,22,BIOMASS,com,h,phi_var,0.7031340551815054
L3-cdr-plantsD-compagnoni.csv,1982,2004,23,22,BIOMASS,com,h,gamma_var_rate,0.014382550179899695
L3-cdr-plantsD-compagnoni.csv,1982,2004,23,22,BIOMASS,com,h,alpha_var_rate,0.020454919049806255
L3-fce-diatoms-catano.csv,2005,2014,10,9,PERCENT,divpart_time_series,q_order_2,alpha_div_mean,3.5326856107052182
L3-fce-diatoms-catano.csv,2005,2014,10,9,PERCENT,divpart_time_series,q_order_2,alpha_div_cv,0.10049846326218025
L3-fce-diatoms-catano.csv,2005,2014,10,9,PERCENT,divpart_time_series,q_order_2,beta_div_mean,1.2041488907946942
L3-fce-diatoms-catano.csv,2005,2014,10,9,PERCENT,divpart_time_series,q_order_2,beta_div_cv,0.04747992831819583
L3-fce-diatoms-catano.csv,2005,2014,10,9,PERCENT,divpart_time_series,q_order_2,gamma_div_mean,4.250065316909785
L3-fce-diatoms-catano.csv,2005,2014,10,9,PERCENT,divpart_time_series,q_order_2,gamma_div_cv,0.10062565549645938
L3-fce-diatoms-catano.csv,2005,2014,10,9,PERCENT,agg,NA,gamma_var,4.4792372847473315e-5
L3-fce-diatoms-catano.csv,2005,2014,10,9,PERCENT,agg,NA,alpha_var,6.659403184561843e-5
L3-fce-diatoms-catano.csv,2005,2014,10,9,PERCENT,agg,NA,phi_var,0.6726184254966451
L3-fce-diatoms-catano.csv,2005,2014,10,9,PERCENT,agg,NA,gamma_var_rate,4.9769303163859235e-6
L3-fce-diatoms-catano.csv,2005,2014,10,9,PERCENT,agg,NA,alpha_var_rate,7.399336871735381e-6
L3-fce-diatoms-catano.csv,2005,2014,10,9,PERCENT,com,h,gamma_var,0.05146701519465428
L3-fce-diatoms-catano.csv,2005,2014,10,9,PERCENT,com,h,alpha_var,0.1575899288326231
L3-fce-diatoms-catano.csv,2005,2014,10,9,PERCENT,com,h,phi_var,0.32658822537649346
L3-fce-diatoms-catano.csv,2005,2014,10,9,PERCENT,com,h,gamma_var_rate,0.005718557243850475
L3-fce-diatoms-catano.csv,2005,2014,10,9,PERCENT,com,h,alpha_var_rate,0.01750999209251368
L3-fce-fish-rehageDry.csv,2006,2017,11,11,CPUE = (COUNT / DISTANCE (M))*100,divpart_time_series,q_order_2,alpha_div_mean,4.266007886841641
L3-fce-fish-rehageDry.csv,2006,2017,11,11,CPUE = (COUNT / DISTANCE (M))*100,divpart_time_series,q_order_2,alpha_div_cv,0.19438211092837276
L3-fce-fish-rehageDry.csv,2006,2017,11,11,CPUE = (COUNT / DISTANCE (M))*100,divpart_time_series,q_order_2,beta_div_mean,1.515614091926337
L3-fce-fish-rehageDry.csv,2006,2017,11,11,CPUE = (COUNT / DISTANCE (M))*100,divpart_time_series,q_order_2,beta_div_cv,0.1717382641328104
L3-fce-fish-rehageDry.csv,2006,2017,11,11,CPUE = (COUNT / DISTANCE (M))*100,divpart_time_series,q_order_2,gamma_div_mean,6.469433660414366
L3-fce-fish-rehageDry.csv,2006,2017,11,11,CPUE = (COUNT / DISTANCE (M))*100,divpart_time_series,q_order_2,gamma_div_cv,0.22573982387276645
L3-fce-fish-rehageDry.csv,2006,2017,11,11,CPUE = (COUNT / DISTANCE (M))*100,agg,NA,gamma_var,0.288704942436791
L3-fce-fish-rehageDry.csv,2006,2017,11,11,CPUE = (COUNT / DISTANCE (M))*100,agg,NA,alpha_var,0.5360723390948506
L3-fce-fish-rehageDry.csv,2006,2017,11,11,CPUE = (COUNT / DISTANCE (M))*100,agg,NA,phi_var,0.5385559399021866
L3-fce-fish-rehageDry.csv,2006,2017,11,11,CPUE = (COUNT / DISTANCE (M))*100,agg,NA,gamma_var_rate,0.026245903857890093
L3-fce-fish-rehageDry.csv,2006,2017,11,11,CPUE = (COUNT / DISTANCE (M))*100,agg,NA,alpha_var_rate,0.048733849008622786
L3-fce-fish-rehageDry.csv,2006,2017,11,11,CPUE = (COUNT / DISTANCE (M))*100,com,h,gamma_var,0.17696851807751915
L3-fce-fish-rehageDry.csv,2006,2017,11,11,CPUE = (COUNT / DISTANCE (M))*100,com,h,alpha_var,0.3462735207133369
L3-fce-fish-rehageDry.csv,2006,2017,11,11,CPUE = (COUNT / DISTANCE (M))*100,com,h,phi_var,0.5110656966000667
L3-fce-fish-rehageDry.csv,2006,2017,11,11,CPUE = (COUNT / DISTANCE (M))*100,com,h,gamma_var_rate,0.016088047097956287
L3-fce-fish-rehageDry.csv,2006,2017,11,11,CPUE = (COUNT / DISTANCE (M))*100,com,h,alpha_var_rate,0.03147941097393972
L3-fce-fish-rehageWet.csv,2011,2016,6,5,CPUE = (COUNT / DISTANCE (M))*100,divpart_time_series,q_order_2,alpha_div_mean,4.0696679058972824
L3-fce-fish-rehageWet.csv,2011,2016,6,5,CPUE = (COUNT / DISTANCE (M))*100,divpart_time_series,q_order_2,alpha_div_cv,0.05363525895405963
L3-fce-fish-rehageWet.csv,2011,2016,6,5,CPUE = (COUNT / DISTANCE (M))*100,divpart_time_series,q_order_2,beta_div_mean,1.931119893806147
L3-fce-fish-rehageWet.csv,2011,2016,6,5,CPUE = (COUNT / DISTANCE (M))*100,divpart_time_series,q_order_2,beta_div_cv,0.2129289955608774
L3-fce-fish-rehageWet.csv,2011,2016,6,5,CPUE = (COUNT / DISTANCE (M))*100,divpart_time_series,q_order_2,gamma_div_mean,7.808580787759969
L3-fce-fish-rehageWet.csv,2011,2016,6,5,CPUE = (COUNT / DISTANCE (M))*100,divpart_time_series,q_order_2,gamma_div_cv,0.17424891825364247
L3-fce-fish-rehageWet.csv,2011,2016,6,5,CPUE = (COUNT / DISTANCE (M))*100,agg,NA,gamma_var,0.06059575762747437
L3-fce-fish-rehageWet.csv,2011,2016,6,5,CPUE = (COUNT / DISTANCE (M))*100,agg,NA,alpha_var,0.27990341744592095
L3-fce-fish-rehageWet.csv,2011,2016,6,5,CPUE = (COUNT / DISTANCE (M))*100,agg,NA,phi_var,0.21648809500220498
L3-fce-fish-rehageWet.csv,2011,2016,6,5,CPUE = (COUNT / DISTANCE (M))*100,agg,NA,gamma_var_rate,0.012119151525494875
L3-fce-fish-rehageWet.csv,2011,2016,6,5,CPUE = (COUNT / DISTANCE (M))*100,agg,NA,alpha_var_rate,0.05598068348918419
L3-fce-fish-rehageWet.csv,2011,2016,6,5,CPUE = (COUNT / DISTANCE (M))*100,com,h,gamma_var,0.1096260069478585
L3-fce-fish-rehageWet.csv,2011,2016,6,5,CPUE = (COUNT / DISTANCE (M))*100,com,h,alpha_var,0.39919814347064464
L3-fce-fish-rehageWet.csv,2011,2016,6,5,CPUE = (COUNT / DISTANCE (M))*100,com,h,phi_var,0.2746155229950861
L3-fce-fish-rehageWet.csv,2011,2016,6,5,CPUE = (COUNT / DISTANCE (M))*100,com,h,gamma_var_rate,0.0219252013895717
L3-fce-fish-rehageWet.csv,2011,2016,6,5,CPUE = (COUNT / DISTANCE (M))*100,com,h,alpha_var_rate,0.07983962869412893
L3-gce-mollusc-compagnoni.csv,2000,2013,14,13,DENSITY,divpart_time_series,q_order_2,alpha_div_mean,1.2868112850753581
L3-gce-mollusc-compagnoni.csv,2000,2013,14,13,DENSITY,divpart_time_series,q_order_2,alpha_div_cv,0.06464423856904072
L3-gce-mollusc-compagnoni.csv,2000,2013,14,13,DENSITY,divpart_time_series,q_order_2,beta_div_mean,1.2017484869447113
L3-gce-mollusc-compagnoni.csv,2000,2013,14,13,DENSITY,divpart_time_series,q_order_2,beta_div_cv,0.11344197735002225
L3-gce-mollusc-compagnoni.csv,2000,2013,14,13,DENSITY,divpart_time_series,q_order_2,gamma_div_mean,1.4980590539840983
L3-gce-mollusc-compagnoni.csv,2000,2013,14,13,DENSITY,divpart_time_series,q_order_2,gamma_div_cv,0.1903576151763907
L3-gce-mollusc-compagnoni.csv,2000,2013,14,13,DENSITY,agg,NA,gamma_var,0.08046097393005294
L3-gce-mollusc-compagnoni.csv,2000,2013,14,13,DENSITY,agg,NA,alpha_var,0.3183384038300799
L3-gce-mollusc-compagnoni.csv,2000,2013,14,13,DENSITY,agg,NA,phi_var,0.2527529602523256
L3-gce-mollusc-compagnoni.csv,2000,2013,14,13,DENSITY,agg,NA,gamma_var_rate,0.00618930568692715
L3-gce-mollusc-compagnoni.csv,2000,2013,14,13,DENSITY,agg,NA,alpha_var_rate,0.02448756952539076
L3-gce-mollusc-compagnoni.csv,2000,2013,14,13,DENSITY,com,h,gamma_var,0.038228900860224624
L3-gce-mollusc-compagnoni.csv,2000,2013,14,13,DENSITY,com,h,alpha_var,0.07337390485244287
L3-gce-mollusc-compagnoni.csv,2000,2013,14,13,DENSITY,com,h,phi_var,0.5210149430796152
L3-gce-mollusc-compagnoni.csv,2000,2013,14,13,DENSITY,com,h,gamma_var_rate,0.0029406846815557405
L3-gce-mollusc-compagnoni.csv,2000,2013,14,13,DENSITY,com,h,alpha_var_rate,0.00564414652711099
L3-hays-plants-compagnoni.csv,38,72,35,34,COUNT,divpart_time_series,q_order_2,alpha_div_mean,2.8073898905539902
L3-hays-plants-compagnoni.csv,38,72,35,34,COUNT,divpart_time_series,q_order_2,alpha_div_cv,0.1765517957788303
L3-hays-plants-compagnoni.csv,38,72,35,34,COUNT,divpart_time_series,q_order_2,beta_div_mean,1.6028359825690985
L3-hays-plants-compagnoni.csv,38,72,35,34,COUNT,divpart_time_series,q_order_2,beta_div_cv,0.25240953143612893
L3-hays-plants-compagnoni.csv,38,72,35,34,COUNT,divpart_time_series,q_order_2,gamma_div_mean,4.62841235731598
L3-hays-plants-compagnoni.csv,38,72,35,34,COUNT,divpart_time_series,q_order_2,gamma_div_cv,0.4238334935814635
L3-hays-plants-compagnoni.csv,38,72,35,34,COUNT,agg,NA,gamma_var,0.2118791927609247
L3-hays-plants-compagnoni.csv,38,72,35,34,COUNT,agg,NA,alpha_var,0.3917119654424999
L3-hays-plants-compagnoni.csv,38,72,35,34,COUNT,agg,NA,phi_var,0.5409055925099813
L3-hays-plants-compagnoni.csv,38,72,35,34,COUNT,agg,NA,gamma_var_rate,0.006231740963556609
L3-hays-plants-compagnoni.csv,38,72,35,34,COUNT,agg,NA,alpha_var_rate,0.011520940160073528
L3-hays-plants-compagnoni.csv,38,72,35,34,COUNT,com,h,gamma_var,0.17306878029635317
L3-hays-plants-compagnoni.csv,38,72,35,34,COUNT,com,h,alpha_var,0.307322904751603
L3-hays-plants-compagnoni.csv,38,72,35,34,COUNT,com,h,phi_var,0.5631496306343904
L3-hays-plants-compagnoni.csv,38,72,35,34,COUNT,com,h,gamma_var_rate,0.005090258244010388
L3-hays-plants-compagnoni.csv,38,72,35,34,COUNT,com,h,alpha_var_rate,0.009038908963282442
L3-jrn-lizards-hope.csv,1990,2005,16,15,count,divpart_time_series,q_order_2,alpha_div_mean,2.1079424678025545
L3-jrn-lizards-hope.csv,1990,2005,16,15,count,divpart_time_series,q_order_2,alpha_div_cv,0.15390930470532024
L3-jrn-lizards-hope.csv,1990,2005,16,15,count,divpart_time_series,q_order_2,beta_div_mean,1.1591607882895525
L3-jrn-lizards-hope.csv,1990,2005,16,15,count,divpart_time_series,q_order_2,beta_div_cv,0.16811770326691597
L3-jrn-lizards-hope.csv,1990,2005,16,15,count,divpart_time_series,q_order_2,gamma_div_mean,2.443680178773437
L3-jrn-lizards-hope.csv,1990,2005,16,15,count,divpart_time_series,q_order_2,gamma_div_cv,0.23213813943405734
L3-jrn-lizards-hope.csv,1990,2005,16,15,count,agg,NA,gamma_var,0.30761882273570595
L3-jrn-lizards-hope.csv,1990,2005,16,15,count,agg,NA,alpha_var,0.45270469435323585
L3-jrn-lizards-hope.csv,1990,2005,16,15,count,agg,NA,phi_var,0.6795132159501698
L3-jrn-lizards-hope.csv,1990,2005,16,15,count,agg,NA,gamma_var_rate,0.02050792151571373
L3-jrn-lizards-hope.csv,1990,2005,16,15,count,agg,NA,alpha_var_rate,0.03018031295688239
L3-jrn-lizards-hope.csv,1990,2005,16,15,count,com,h,gamma_var,0.09977393611879282
L3-jrn-lizards-hope.csv,1990,2005,16,15,count,com,h,alpha_var,0.2271523379447586
L3-jrn-lizards-hope.csv,1990,2005,16,15,count,com,h,phi_var,0.4392379890144778
L3-jrn-lizards-hope.csv,1990,2005,16,15,count,com,h,gamma_var_rate,0.006651595741252855
L3-jrn-lizards-hope.csv,1990,2005,16,15,count,com,h,alpha_var_rate,0.01514348919631724
L3-jrn-plants-compagnoni.csv,1915,1938,18,23,count (average),divpart_time_series,q_order_2,alpha_div_mean,2.8567533707057255
L3-jrn-plants-compagnoni.csv,1915,1938,18,23,count (average),divpart_time_series,q_order_2,alpha_div_cv,0.2593281652876581
L3-jrn-plants-compagnoni.csv,1915,1938,18,23,count (average),divpart_time_series,q_order_2,beta_div_mean,2.990684151135731
L3-jrn-plants-compagnoni.csv,1915,1938,18,23,count (average),divpart_time_series,q_order_2,beta_div_cv,0.24293524118238324
L3-jrn-plants-compagnoni.csv,1915,1938,18,23,count (average),divpart_time_series,q_order_2,gamma_div_mean,8.342173962283049
L3-jrn-plants-compagnoni.csv,1915,1938,18,23,count (average),divpart_time_series,q_order_2,gamma_div_cv,0.2820200657877112
L3-jrn-plants-compagnoni.csv,1915,1938,18,23,count (average),agg,NA,gamma_var,0.37864432207418114
L3-jrn-plants-compagnoni.csv,1915,1938,18,23,count (average),agg,NA,alpha_var,1.1285153235381866
L3-jrn-plants-compagnoni.csv,1915,1938,18,23,count (average),agg,NA,phi_var,0.3355243071817878
L3-jrn-plants-compagnoni.csv,1915,1938,18,23,count (average),agg,NA,gamma_var_rate,0.01646279661192092
L3-jrn-plants-compagnoni.csv,1915,1938,18,23,count (average),agg,NA,alpha_var_rate,0.04906588363209507
L3-jrn-plants-compagnoni.csv,1915,1938,18,23,count (average),com,h,gamma_var,0.4490220665029448
L3-jrn-plants-compagnoni.csv,1915,1938,18,23,count (average),com,h,alpha_var,0.6391680158338138
L3-jrn-plants-compagnoni.csv,1915,1938,18,23,count (average),com,h,phi_var,0.7025102248227832
L3-jrn-plants-compagnoni.csv,1915,1938,18,23,count (average),com,h,gamma_var_rate,0.019522698543606297
L3-jrn-plants-compagnoni.csv,1915,1938,18,23,count (average),com,h,alpha_var_rate,0.027789913731904946
L3-knz-grasshopper-compagnoni.csv,1996,2015,19,19,COUNT (average),divpart_time_series,q_order_2,alpha_div_mean,3.6295831551513222
L3-knz-grasshopper-compagnoni.csv,1996,2015,19,19,COUNT (average),divpart_time_series,q_order_2,alpha_div_cv,0.08835461533945121
L3-knz-grasshopper-compagnoni.csv,1996,2015,19,19,COUNT (average),divpart_time_series,q_order_2,beta_div_mean,1.069724041653572
L3-knz-grasshopper-compagnoni.csv,1996,2015,19,19,COUNT (average),divpart_time_series,q_order_2,beta_div_cv,0.10609507628476895
L3-knz-grasshopper-compagnoni.csv,1996,2015,19,19,COUNT (average),divpart_time_series,q_order_2,gamma_div_mean,3.8770504192468875
L3-knz-grasshopper-compagnoni.csv,1996,2015,19,19,COUNT (average),divpart_time_series,q_order_2,gamma_div_cv,0.1250884462867987
L3-knz-grasshopper-compagnoni.csv,1996,2015,19,19,COUNT (average),agg,NA,gamma_var,0.4541537203812544
L3-knz-grasshopper-compagnoni.csv,1996,2015,19,19,COUNT (average),agg,NA,alpha_var,0.6396289397510607
L3-knz-grasshopper-compagnoni.csv,1996,2015,19,19,COUNT (average),agg,NA,phi_var,0.7100268486257172
L3-knz-grasshopper-compagnoni.csv,1996,2015,19,19,COUNT (average),agg,NA,gamma_var_rate,0.023902827388487074
L3-knz-grasshopper-compagnoni.csv,1996,2015,19,19,COUNT (average),agg,NA,alpha_var_rate,0.033664681039529513
L3-knz-grasshopper-compagnoni.csv,1996,2015,19,19,COUNT (average),com,h,gamma_var,0.14576207731853172
L3-knz-grasshopper-compagnoni.csv,1996,2015,19,19,COUNT (average),com,h,alpha_var,0.23943889780915983
L3-knz-grasshopper-compagnoni.csv,1996,2015,19,19,COUNT (average),com,h,phi_var,0.6087652367774787
L3-knz-grasshopper-compagnoni.csv,1996,2015,19,19,COUNT (average),com,h,gamma_var_rate,0.0076716882799227224
L3-knz-grasshopper-compagnoni.csv,1996,2015,19,19,COUNT (average),com,h,alpha_var_rate,0.012602047253113676
L3-luq-snails-compagnoni.csv,1991,2017,27,26,COUNT (yearly mean),divpart_time_series,q_order_2,alpha_div_mean,2.469413139464043
L3-luq-snails-compagnoni.csv,1991,2017,27,26,COUNT (yearly mean),divpart_time_series,q_order_2,alpha_div_cv,0.10909418092606141
L3-luq-snails-compagnoni.csv,1991,2017,27,26,COUNT (yearly mean),divpart_time_series,q_order_2,beta_div_mean,1.1727777356674856
L3-luq-snails-compagnoni.csv,1991,2017,27,26,COUNT (yearly mean),divpart_time_series,q_order_2,beta_div_cv,0.09562564175682937
L3-luq-snails-compagnoni.csv,1991,2017,27,26,COUNT (yearly mean),divpart_time_series,q_order_2,gamma_div_mean,2.976950750131078
L3-luq-snails-compagnoni.csv,1991,2017,27,26,COUNT (yearly mean),divpart_time_series,q_order_2,gamma_div_cv,0.20493236538455978
L3-luq-snails-compagnoni.csv,1991,2017,27,26,COUNT (yearly mean),agg,NA,gamma_var,0.1335876403110757
L3-luq-snails-compagnoni.csv,1991,2017,27,26,COUNT (yearly mean),agg,NA,alpha_var,0.3239187999957678
L3-luq-snails-compagnoni.csv,1991,2017,27,26,COUNT (yearly mean),agg,NA,phi_var,0.41241088912659934
L3-luq-snails-compagnoni.csv,1991,2017,27,26,COUNT (yearly mean),agg,NA,gamma_var_rate,0.005137986165810604
L3-luq-snails-compagnoni.csv,1991,2017,27,26,COUNT (yearly mean),agg,NA,alpha_var_rate,0.012458415384452607
L3-luq-snails-compagnoni.csv,1991,2017,27,26,COUNT (yearly mean),com,h,gamma_var,0.062266279199164755
L3-luq-snails-compagnoni.csv,1991,2017,27,26,COUNT (yearly mean),com,h,alpha_var,0.18734295909975454
L3-luq-snails-compagnoni.csv,1991,2017,27,26,COUNT (yearly mean),com,h,phi_var,0.33236519535281717
L3-luq-snails-compagnoni.csv,1991,2017,27,26,COUNT (yearly mean),com,h,gamma_var_rate,0.0023948568922755676
L3-luq-snails-compagnoni.csv,1991,2017,27,26,COUNT (yearly mean),com,h,alpha_var_rate,0.007205498426913636
L3-mcr-algae-castorani.csv,2006,2015,10,9,mean.percent.cover.per.0.25_m2,divpart_time_series,q_order_2,alpha_div_mean,2.098010954374924
L3-mcr-algae-castorani.csv,2006,2015,10,9,mean.percent.cover.per.0.25_m2,divpart_time_series,q_order_2,alpha_div_cv,0.1397478084757977
L3-mcr-algae-castorani.csv,2006,2015,10,9,mean.percent.cover.per.0.25_m2,divpart_time_series,q_order_2,beta_div_mean,0.9900060396186523
L3-mcr-algae-castorani.csv,2006,2015,10,9,mean.percent.cover.per.0.25_m2,divpart_time_series,q_order_2,beta_div_cv,0.01454470284132192
L3-mcr-algae-castorani.csv,2006,2015,10,9,mean.percent.cover.per.0.25_m2,divpart_time_series,q_order_2,gamma_div_mean,2.078510135541294
L3-mcr-algae-castorani.csv,2006,2015,10,9,mean.percent.cover.per.0.25_m2,divpart_time_series,q_order_2,gamma_div_cv,0.1481468329025759
L3-mcr-algae-castorani.csv,2006,2015,10,9,mean.percent.cover.per.0.25_m2,agg,NA,gamma_var,0.011681995836461727
L3-mcr-algae-castorani.csv,2006,2015,10,9,mean.percent.cover.per.0.25_m2,agg,NA,alpha_var,0.013205628112803184
L3-mcr-algae-castorani.csv,2006,2015,10,9,mean.percent.cover.per.0.25_m2,agg,NA,phi_var,0.8846225061521868
L3-mcr-algae-castorani.csv,2006,2015,10,9,mean.percent.cover.per.0.25_m2,agg,NA,gamma_var_rate,0.0012979995373846363
L3-mcr-algae-castorani.csv,2006,2015,10,9,mean.percent.cover.per.0.25_m2,agg,NA,alpha_var_rate,0.001467292012533687
L3-mcr-algae-castorani.csv,2006,2015,10,9,mean.percent.cover.per.0.25_m2,com,h,gamma_var,0.0642808405231629
L3-mcr-algae-castorani.csv,2006,2015,10,9,mean.percent.cover.per.0.25_m2,com,h,alpha_var,0.08394988483516852
L3-mcr-algae-castorani.csv,2006,2015,10,9,mean.percent.cover.per.0.25_m2,com,h,phi_var,0.7657049279981166
L3-mcr-algae-castorani.csv,2006,2015,10,9,mean.percent.cover.per.0.25_m2,com,h,gamma_var_rate,0.007142315613684766
L3-mcr-algae-castorani.csv,2006,2015,10,9,mean.percent.cover.per.0.25_m2,com,h,alpha_var_rate,0.009327764981685392
L3-mcr-coral-castorani.csv,2005,2017,13,12,mean.percent.cover.per.0.25_m2,divpart_time_series,q_order_2,alpha_div_mean,3.3573707354976152
L3-mcr-coral-castorani.csv,2005,2017,13,12,mean.percent.cover.per.0.25_m2,divpart_time_series,q_order_2,alpha_div_cv,0.26124313972175633
L3-mcr-coral-castorani.csv,2005,2017,13,12,mean.percent.cover.per.0.25_m2,divpart_time_series,q_order_2,beta_div_mean,1.3116490874913769
L3-mcr-coral-castorani.csv,2005,2017,13,12,mean.percent.cover.per.0.25_m2,divpart_time_series,q_order_2,beta_div_cv,0.18520747714318567
L3-mcr-coral-castorani.csv,2005,2017,13,12,mean.percent.cover.per.0.25_m2,divpart_time_series,q_order_2,gamma_div_mean,4.330598969395917
L3-mcr-coral-castorani.csv,2005,2017,13,12,mean.percent.cover.per.0.25_m2,divpart_time_series,q_order_2,gamma_div_cv,0.24794901583989432
L3-mcr-coral-castorani.csv,2005,2017,13,12,mean.percent.cover.per.0.25_m2,agg,NA,gamma_var,0.34875001552662205
L3-mcr-coral-castorani.csv,2005,2017,13,12,mean.percent.cover.per.0.25_m2,agg,NA,alpha_var,0.37193851689632407
L3-mcr-coral-castorani.csv,2005,2017,13,12,mean.percent.cover.per.0.25_m2,agg,NA,phi_var,0.9376550146965131
L3-mcr-coral-castorani.csv,2005,2017,13,12,mean.percent.cover.per.0.25_m2,agg,NA,gamma_var_rate,0.02906250129388517
L3-mcr-coral-castorani.csv,2005,2017,13,12,mean.percent.cover.per.0.25_m2,agg,NA,alpha_var_rate,0.030994876408027006
L3-mcr-coral-castorani.csv,2005,2017,13,12,mean.percent.cover.per.0.25_m2,com,h,gamma_var,0.2515237972327788
L3-mcr-coral-castorani.csv,2005,2017,13,12,mean.percent.cover.per.0.25_m2,com,h,alpha_var,0.2973831973367234
L3-mcr-coral-castorani.csv,2005,2017,13,12,mean.percent.cover.per.0.25_m2,com,h,phi_var,0.8457902110319347
L3-mcr-coral-castorani.csv,2005,2017,13,12,mean.percent.cover.per.0.25_m2,com,h,gamma_var_rate,0.0209603164360649
L3-mcr-coral-castorani.csv,2005,2017,13,12,mean.percent.cover.per.0.25_m2,com,h,alpha_var_rate,0.02478193311139362
L3-mcr-inverts-castorani.csv,2005,2021,17,16,mean.count.per.1_m2,divpart_time_series,q_order_2,alpha_div_mean,1.5811296158214019
L3-mcr-inverts-castorani.csv,2005,2021,17,16,mean.count.per.1_m2,divpart_time_series,q_order_2,alpha_div_cv,0.10617800821299335
L3-mcr-inverts-castorani.csv,2005,2021,17,16,mean.count.per.1_m2,divpart_time_series,q_order_2,beta_div_mean,1.0728309532187854
L3-mcr-inverts-castorani.csv,2005,2021,17,16,mean.count.per.1_m2,divpart_time_series,q_order_2,beta_div_cv,0.2048252316542125
L3-mcr-inverts-castorani.csv,2005,2021,17,16,mean.count.per.1_m2,divpart_time_series,q_order_2,gamma_div_mean,1.6876289564212306
L3-mcr-inverts-castorani.csv,2005,2021,17,16,mean.count.per.1_m2,divpart_time_series,q_order_2,gamma_div_cv,0.19435263442061412
L3-mcr-inverts-castorani.csv,2005,2021,17,16,mean.count.per.1_m2,agg,NA,gamma_var,0.3155985372603714
L3-mcr-inverts-castorani.csv,2005,2021,17,16,mean.count.per.1_m2,agg,NA,alpha_var,0.5556137272034136
L3-mcr-inverts-castorani.csv,2005,2021,17,16,mean.count.per.1_m2,agg,NA,phi_var,0.5680178905026024
L3-mcr-inverts-castorani.csv,2005,2021,17,16,mean.count.per.1_m2,agg,NA,gamma_var_rate,0.019724908578773213
L3-mcr-inverts-castorani.csv,2005,2021,17,16,mean.count.per.1_m2,agg,NA,alpha_var_rate,0.03472585795021335
L3-mcr-inverts-castorani.csv,2005,2021,17,16,mean.count.per.1_m2,com,h,gamma_var,0.06249928577535409
L3-mcr-inverts-castorani.csv,2005,2021,17,16,mean.count.per.1_m2,com,h,alpha_var,0.09803244854034981
L3-mcr-inverts-castorani.csv,2005,2021,17,16,mean.count.per.1_m2,com,h,phi_var,0.6375367208096369
L3-mcr-inverts-castorani.csv,2005,2021,17,16,mean.count.per.1_m2,com,h,gamma_var_rate,0.0039062053609596305
L3-mcr-inverts-castorani.csv,2005,2021,17,16,mean.count.per.1_m2,com,h,alpha_var_rate,0.006127028033771863
L3-sbc-algae-castorani.csv,2001,2018,18,17,g dry per m2,divpart_time_series,q_order_2,alpha_div_mean,2.543819480032232
L3-sbc-algae-castorani.csv,2001,2018,18,17,g dry per m2,divpart_time_series,q_order_2,alpha_div_cv,0.2290406068149337
L3-sbc-algae-castorani.csv,2001,2018,18,17,g dry per m2,divpart_time_series,q_order_2,beta_div_mean,0.8226690772857135
L3-sbc-algae-castorani.csv,2001,2018,18,17,g dry per m2,divpart_time_series,q_order_2,beta_div_cv,0.1487423708798065
L3-sbc-algae-castorani.csv,2001,2018,18,17,g dry per m2,divpart_time_series,q_order_2,gamma_div_mean,2.0535411511875545
L3-sbc-algae-castorani.csv,2001,2018,18,17,g dry per m2,divpart_time_series,q_order_2,gamma_div_cv,0.2747107452418669
L3-sbc-algae-castorani.csv,2001,2018,18,17,g dry per m2,agg,NA,gamma_var,0.045451941050392304
L3-sbc-algae-castorani.csv,2001,2018,18,17,g dry per m2,agg,NA,alpha_var,0.23589770453669662
L3-sbc-algae-castorani.csv,2001,2018,18,17,g dry per m2,agg,NA,phi_var,0.19267648720728323
L3-sbc-algae-castorani.csv,2001,2018,18,17,g dry per m2,agg,NA,gamma_var_rate,0.0026736435911995475
L3-sbc-algae-castorani.csv,2001,2018,18,17,g dry per m2,agg,NA,alpha_var_rate,0.013876335560982153
L3-sbc-algae-castorani.csv,2001,2018,18,17,g dry per m2,com,h,gamma_var,0.05453268176610081
L3-sbc-algae-castorani.csv,2001,2018,18,17,g dry per m2,com,h,alpha_var,0.16240319159926722
L3-sbc-algae-castorani.csv,2001,2018,18,17,g dry per m2,com,h,phi_var,0.33578577630827094
L3-sbc-algae-castorani.csv,2001,2018,18,17,g dry per m2,com,h,gamma_var_rate,0.003207804809770636
L3-sbc-algae-castorani.csv,2001,2018,18,17,g dry per m2,com,h,alpha_var_rate,0.009553128917603954
L3-sbc-fish-castorani.csv,2001,2018,18,17,g dry per m2,divpart_time_series,q_order_2,alpha_div_mean,3.905375922744346
L3-sbc-fish-castorani.csv,2001,2018,18,17,g dry per m2,divpart_time_series,q_order_2,alpha_div_cv,0.17380572332039737
L3-sbc-fish-castorani.csv,2001,2018,18,17,g dry per m2,divpart_time_series,q_order_2,beta_div_mean,2.1425299965291793
L3-sbc-fish-castorani.csv,2001,2018,18,17,g dry per m2,divpart_time_series,q_order_2,beta_div_cv,0.3795258679866995
L3-sbc-fish-castorani.csv,2001,2018,18,17,g dry per m2,divpart_time_series,q_order_2,gamma_div_mean,8.294071072614472
L3-sbc-fish-castorani.csv,2001,2018,18,17,g dry per m2,divpart_time_series,q_order_2,gamma_div_cv,0.3818647919487942
L3-sbc-fish-castorani.csv,2001,2018,18,17,g dry per m2,agg,NA,gamma_var,0.23395712489107276
L3-sbc-fish-castorani.csv,2001,2018,18,17,g dry per m2,agg,NA,alpha_var,1.3027459021124739
L3-sbc-fish-castorani.csv,2001,2018,18,17,g dry per m2,agg,NA,phi_var,0.17958768821433133
L3-sbc-fish-castorani.csv,2001,2018,18,17,g dry per m2,agg,NA,gamma_var_rate,0.013762183817121926
L3-sbc-fish-castorani.csv,2001,2018,18,17,g dry per m2,agg,NA,alpha_var_rate,0.07663211188896905
L3-sbc-fish-castorani.csv,2001,2018,18,17,g dry per m2,com,h,gamma_var,0.3574667501579737
L3-sbc-fish-castorani.csv,2001,2018,18,17,g dry per m2,com,h,alpha_var,0.5370836150559173
L3-sbc-fish-castorani.csv,2001,2018,18,17,g dry per m2,com,h,phi_var,0.66557001579867
L3-sbc-fish-castorani.csv,2001,2018,18,17,g dry per m2,com,h,gamma_var_rate,0.02102745589164551
L3-sbc-fish-castorani.csv,2001,2018,18,17,g dry per m2,com,h,alpha_var_rate,0.03159315382681866
L3-sbc-mobileInverts-castorani.csv,2001,2018,18,17,g dry per m2,divpart_time_series,q_order_2,alpha_div_mean,2.9831867241406727
L3-sbc-mobileInverts-castorani.csv,2001,2018,18,17,g dry per m2,divpart_time_series,q_order_2,alpha_div_cv,0.11960067233545028
L3-sbc-mobileInverts-castorani.csv,2001,2018,18,17,g dry per m2,divpart_time_series,q_order_2,beta_div_mean,1.373253644927518
L3-sbc-mobileInverts-castorani.csv,2001,2018,18,17,g dry per m2,divpart_time_series,q_order_2,beta_div_cv,0.167279660527426
L3-sbc-mobileInverts-castorani.csv,2001,2018,18,17,g dry per m2,divpart_time_series,q_order_2,gamma_div_mean,4.102634629560904
L3-sbc-mobileInverts-castorani.csv,2001,2018,18,17,g dry per m2,divpart_time_series,q_order_2,gamma_div_cv,0.21523779807954793
L3-sbc-mobileInverts-castorani.csv,2001,2018,18,17,g dry per m2,agg,NA,gamma_var,0.1985964468933521
L3-sbc-mobileInverts-castorani.csv,2001,2018,18,17,g dry per m2,agg,NA,alpha_var,0.3788353426830948
L3-sbc-mobileInverts-castorani.csv,2001,2018,18,17,g dry per m2,agg,NA,phi_var,0.5242289314581796
L3-sbc-mobileInverts-castorani.csv,2001,2018,18,17,g dry per m2,agg,NA,gamma_var_rate,0.011682143934903064
L3-sbc-mobileInverts-castorani.csv,2001,2018,18,17,g dry per m2,agg,NA,alpha_var_rate,0.02228443192253499
L3-sbc-mobileInverts-castorani.csv,2001,2018,18,17,g dry per m2,com,h,gamma_var,0.10189113673270866
L3-sbc-mobileInverts-castorani.csv,2001,2018,18,17,g dry per m2,com,h,alpha_var,0.18628783067302446
L3-sbc-mobileInverts-castorani.csv,2001,2018,18,17,g dry per m2,com,h,phi_var,0.5469554096185151
L3-sbc-mobileInverts-castorani.csv,2001,2018,18,17,g dry per m2,com,h,gamma_var_rate,0.005993596278394627
L3-sbc-mobileInverts-castorani.csv,2001,2018,18,17,g dry per m2,com,h,alpha_var_rate,0.010958107686648497
L3-sbc-sessileInverts-castorani.csv,2001,2018,18,17,g dry per m2,divpart_time_series,q_order_2,alpha_div_mean,1.8989204829972515
L3-sbc-sessileInverts-castorani.csv,2001,2018,18,17,g dry per m2,divpart_time_series,q_order_2,alpha_div_cv,0.13011574401683523
L3-sbc-sessileInverts-castorani.csv,2001,2018,18,17,g dry per m2,divpart_time_series,q_order_2,beta_div_mean,0.7961982466629087
L3-sbc-sessileInverts-castorani.csv,2001,2018,18,17,g dry per m2,divpart_time_series,q_order_2,beta_div_cv,0.12210180453488426
L3-sbc-sessileInverts-castorani.csv,2001,2018,18,17,g dry per m2,divpart_time_series,q_order_2,gamma_div_mean,1.5008086589835283
L3-sbc-sessileInverts-castorani.csv,2001,2018,18,17,g dry per m2,divpart_time_series,q_order_2,gamma_div_cv,0.13436538037582574
L3-sbc-sessileInverts-castorani.csv,2001,2018,18,17,g dry per m2,agg,NA,gamma_var,0.2814369760599189
L3-sbc-sessileInverts-castorani.csv,2001,2018,18,17,g dry per m2,agg,NA,alpha_var,0.5207009554473285
L3-sbc-sessileInverts-castorani.csv,2001,2018,18,17,g dry per m2,agg,NA,phi_var,0.5404963695872989
L3-sbc-sessileInverts-castorani.csv,2001,2018,18,17,g dry per m2,agg,NA,gamma_var_rate,0.016555116238818758
L3-sbc-sessileInverts-castorani.csv,2001,2018,18,17,g dry per m2,agg,NA,alpha_var_rate,0.030629467967489915
L3-sbc-sessileInverts-castorani.csv,2001,2018,18,17,g dry per m2,com,h,gamma_var,0.010651971386896567
L3-sbc-sessileInverts-castorani.csv,2001,2018,18,17,g dry per m2,com,h,alpha_var,0.03712351632464573
L3-sbc-sessileInverts-castorani.csv,2001,2018,18,17,g dry per m2,com,h,phi_var,0.28693325529146835
L3-sbc-sessileInverts-castorani.csv,2001,2018,18,17,g dry per m2,com,h,gamma_var_rate,6.265865521703863e-4
L3-sbc-sessileInverts-castorani.csv,2001,2018,18,17,g dry per m2,com,h,alpha_var_rate,0.0021837362543909253
L3-sev-arthropods-compagnoni.csv,1992,2004,13,12,Average_count,divpart_time_series,q_order_2,alpha_div_mean,15.230295698042763
L3-sev-arthropods-compagnoni.csv,1992,2004,13,12,Average_count,divpart_time_series,q_order_2,alpha_div_cv,0.28752783909590135
L3-sev-arthropods-compagnoni.csv,1992,2004,13,12,Average_count,divpart_time_series,q_order_2,beta_div_mean,1.4306030256415025
L3-sev-arthropods-compagnoni.csv,1992,2004,13,12,Average_count,divpart_time_series,q_order_2,beta_div_cv,0.20048886327868926
L3-sev-arthropods-compagnoni.csv,1992,2004,13,12,Average_count,divpart_time_series,q_order_2,gamma_div_mean,22.480593854639338
L3-sev-arthropods-compagnoni.csv,1992,2004,13,12,Average_count,divpart_time_series,q_order_2,gamma_div_cv,0.43570584340702384
L3-sev-arthropods-compagnoni.csv,1992,2004,13,12,Average_count,agg,NA,gamma_var,0.07085155662536785
L3-sev-arthropods-compagnoni.csv,1992,2004,13,12,Average_count,agg,NA,alpha_var,0.11414314283029874
L3-sev-arthropods-compagnoni.csv,1992,2004,13,12,Average_count,agg,NA,phi_var,0.6207254756486401
L3-sev-arthropods-compagnoni.csv,1992,2004,13,12,Average_count,agg,NA,gamma_var_rate,0.005904296385447321
L3-sev-arthropods-compagnoni.csv,1992,2004,13,12,Average_count,agg,NA,alpha_var_rate,0.009511928569191561
L3-sev-arthropods-compagnoni.csv,1992,2004,13,12,Average_count,com,h,gamma_var,0.6008298798415447
L3-sev-arthropods-compagnoni.csv,1992,2004,13,12,Average_count,com,h,alpha_var,0.7129551062569343
L3-sev-arthropods-compagnoni.csv,1992,2004,13,12,Average_count,com,h,phi_var,0.8427317155998011
L3-sev-arthropods-compagnoni.csv,1992,2004,13,12,Average_count,com,h,gamma_var_rate,0.05006915665346206
L3-sev-arthropods-compagnoni.csv,1992,2004,13,12,Average_count,com,h,alpha_var_rate,0.05941292552141119
L3-sev-grasshopper-compagnoni.csv,1992,2013,22,21,Count (two censuses a year),divpart_time_series,q_order_2,alpha_div_mean,4.233337793003971
L3-sev-grasshopper-compagnoni.csv,1992,2013,22,21,Count (two censuses a year),divpart_time_series,q_order_2,alpha_div_cv,0.3002398065023063
L3-sev-grasshopper-compagnoni.csv,1992,2013,22,21,Count (two censuses a year),divpart_time_series,q_order_2,beta_div_mean,1.244953947092018
L3-sev-grasshopper-compagnoni.csv,1992,2013,22,21,Count (two censuses a year),divpart_time_series,q_order_2,beta_div_cv,0.1558121626836174
L3-sev-grasshopper-compagnoni.csv,1992,2013,22,21,Count (two censuses a year),divpart_time_series,q_order_2,gamma_div_mean,5.332194217592728
L3-sev-grasshopper-compagnoni.csv,1992,2013,22,21,Count (two censuses a year),divpart_time_series,q_order_2,gamma_div_cv,0.35342734514517155
L3-sev-grasshopper-compagnoni.csv,1992,2013,22,21,Count (two censuses a year),agg,NA,gamma_var,0.2470879332850922
L3-sev-grasshopper-compagnoni.csv,1992,2013,22,21,Count (two censuses a year),agg,NA,alpha_var,0.30138489066086904
L3-sev-grasshopper-compagnoni.csv,1992,2013,22,21,Count (two censuses a year),agg,NA,phi_var,0.8198418067451362
L3-sev-grasshopper-compagnoni.csv,1992,2013,22,21,Count (two censuses a year),agg,NA,gamma_var_rate,0.011766092061194867
L3-sev-grasshopper-compagnoni.csv,1992,2013,22,21,Count (two censuses a year),agg,NA,alpha_var_rate,0.014351661460041383
L3-sev-grasshopper-compagnoni.csv,1992,2013,22,21,Count (two censuses a year),com,h,gamma_var,0.19234619527079877
L3-sev-grasshopper-compagnoni.csv,1992,2013,22,21,Count (two censuses a year),com,h,alpha_var,0.29589822542905697
L3-sev-grasshopper-compagnoni.csv,1992,2013,22,21,Count (two censuses a year),com,h,phi_var,0.6500417330718825
L3-sev-grasshopper-compagnoni.csv,1992,2013,22,21,Count (two censuses a year),com,h,gamma_var_rate,0.0091593426319428
L3-sev-grasshopper-compagnoni.csv,1992,2013,22,21,Count (two censuses a year),com,h,alpha_var_rate,0.01409039168709795
L3-sev-plants-compagnoni.csv,2003,2015,13,12,count,divpart_time_series,q_order_2,alpha_div_mean,6.4122118652420514
L3-sev-plants-compagnoni.csv,2003,2015,13,12,count,divpart_time_series,q_order_2,alpha_div_cv,0.1445323595896369
L3-sev-plants-compagnoni.csv,2003,2015,13,12,count,divpart_time_series,q_order_2,beta_div_mean,1.6009057999487493
L3-sev-plants-compagnoni.csv,2003,2015,13,12,count,divpart_time_series,q_order_2,beta_div_cv,0.27320712741485204
L3-sev-plants-compagnoni.csv,2003,2015,13,12,count,divpart_time_series,q_order_2,gamma_div_mean,10.46561231725991
L3-sev-plants-compagnoni.csv,2003,2015,13,12,count,divpart_time_series,q_order_2,gamma_div_cv,0.3854508218675489
L3-sev-plants-compagnoni.csv,2003,2015,13,12,count,agg,NA,gamma_var,0.2208282503223457
L3-sev-plants-compagnoni.csv,2003,2015,13,12,count,agg,NA,alpha_var,0.345907141187429
L3-sev-plants-compagnoni.csv,2003,2015,13,12,count,agg,NA,phi_var,0.6384032707861629
L3-sev-plants-compagnoni.csv,2003,2015,13,12,count,agg,NA,gamma_var_rate,0.01840235419352881
L3-sev-plants-compagnoni.csv,2003,2015,13,12,count,agg,NA,alpha_var_rate,0.028825595098952415
L3-sev-plants-compagnoni.csv,2003,2015,13,12,count,com,h,gamma_var,0.31024986341555205
L3-sev-plants-compagnoni.csv,2003,2015,13,12,count,com,h,alpha_var,0.3425008737806392
L3-sev-plants-compagnoni.csv,2003,2015,13,12,count,com,h,phi_var,0.9058367063152578
L3-sev-plants-compagnoni.csv,2003,2015,13,12,count,com,h,gamma_var_rate,0.025854155284629338
L3-sev-plants-compagnoni.csv,2003,2015,13,12,count,com,h,alpha_var_rate,0.028541739481719935
L3-sgs-plants-catano.csv,1999,2006,8,7,PCT_COVER,divpart_time_series,q_order_2,alpha_div_mean,8.954204952168329
L3-sgs-plants-catano.csv,1999,2006,8,7,PCT_COVER,divpart_time_series,q_order_2,alpha_div_cv,0.34679430279711565
L3-sgs-plants-catano.csv,1999,2006,8,7,PCT_COVER,divpart_time_series,q_order_2,beta_div_mean,1.4344084597204418
L3-sgs-plants-catano.csv,1999,2006,8,7,PCT_COVER,divpart_time_series,q_order_2,beta_div_cv,0.1758326891878067
L3-sgs-plants-catano.csv,1999,2006,8,7,PCT_COVER,divpart_time_series,q_order_2,gamma_div_mean,13.434106587862397
L3-sgs-plants-catano.csv,1999,2006,8,7,PCT_COVER,divpart_time_series,q_order_2,gamma_div_cv,0.45599066967499996
L3-sgs-plants-catano.csv,1999,2006,8,7,PCT_COVER,agg,NA,gamma_var,0.18291007452692307
L3-sgs-plants-catano.csv,1999,2006,8,7,PCT_COVER,agg,NA,alpha_var,0.22003088269360277
L3-sgs-plants-catano.csv,1999,2006,8,7,PCT_COVER,agg,NA,phi_var,0.8312927362184374
L3-sgs-plants-catano.csv,1999,2006,8,7,PCT_COVER,agg,NA,gamma_var_rate,0.026130010646703294
L3-sgs-plants-catano.csv,1999,2006,8,7,PCT_COVER,agg,NA,alpha_var_rate,0.031432983241943255
L3-sgs-plants-catano.csv,1999,2006,8,7,PCT_COVER,com,h,gamma_var,0.19430467330274187
L3-sgs-plants-catano.csv,1999,2006,8,7,PCT_COVER,com,h,alpha_var,0.32461183882054523
L3-sgs-plants-catano.csv,1999,2006,8,7,PCT_COVER,com,h,phi_var,0.5985754370781254
L3-sgs-plants-catano.csv,1999,2006,8,7,PCT_COVER,com,h,gamma_var_rate,0.027757810471820268
L3-sgs-plants-catano.csv,1999,2006,8,7,PCT_COVER,com,h,alpha_var_rate,0.04637311983150646
L3-sgs-plants-compagnoni.csv,1995,2008,14,13,PERCENT_COVER,divpart_time_series,q_order_2,alpha_div_mean,7.056878325839456
L3-sgs-plants-compagnoni.csv,1995,2008,14,13,PERCENT_COVER,divpart_time_series,q_order_2,alpha_div_cv,0.17532587454252463
L3-sgs-plants-compagnoni.csv,1995,2008,14,13,PERCENT_COVER,divpart_time_series,q_order_2,beta_div_mean,1.3108114248314298
L3-sgs-plants-compagnoni.csv,1995,2008,14,13,PERCENT_COVER,divpart_time_series,q_order_2,beta_div_cv,0.10322519371955922
L3-sgs-plants-compagnoni.csv,1995,2008,14,13,PERCENT_COVER,divpart_time_series,q_order_2,gamma_div_mean,9.264093600962989
L3-sgs-plants-compagnoni.csv,1995,2008,14,13,PERCENT_COVER,divpart_time_series,q_order_2,gamma_div_cv,0.20530366660136182
L3-sgs-plants-compagnoni.csv,1995,2008,14,13,PERCENT_COVER,agg,NA,gamma_var,0.04828142015064946
L3-sgs-plants-compagnoni.csv,1995,2008,14,13,PERCENT_COVER,agg,NA,alpha_var,0.084826272416372
L3-sgs-plants-compagnoni.csv,1995,2008,14,13,PERCENT_COVER,agg,NA,phi_var,0.5691800284899804
L3-sgs-plants-compagnoni.csv,1995,2008,14,13,PERCENT_COVER,agg,NA,gamma_var_rate,0.0037139553962038043
L3-sgs-plants-compagnoni.csv,1995,2008,14,13,PERCENT_COVER,agg,NA,alpha_var_rate,0.006525097878182461
L3-sgs-plants-compagnoni.csv,1995,2008,14,13,PERCENT_COVER,com,h,gamma_var,0.13016851365476467
L3-sgs-plants-compagnoni.csv,1995,2008,14,13,PERCENT_COVER,com,h,alpha_var,0.26061303061686786
L3-sgs-plants-compagnoni.csv,1995,2008,14,13,PERCENT_COVER,com,h,phi_var,0.4994704729332121
L3-sgs-plants-compagnoni.csv,1995,2008,14,13,PERCENT_COVER,com,h,gamma_var_rate,0.010012962588828053
L3-sgs-plants-compagnoni.csv,1995,2008,14,13,PERCENT_COVER,com,h,alpha_var_rate,0.020047156201297527
